user_id,merchant_id,amount,time,fraud
103,21,8.77,0,0
436,19,146.98,1,0
349,53,99.47,2,0
271,19,446.46,3,0
107,57,42.21,4,0
72,25,6.38,5,0
189,86,132.56,6,0
21,31,73.76,7,0
103,81,23.98,8,0
122,55,152.2,9,0
467,23,22.78,10,0
215,32,30.2,11,0
331,62,9.71,12,0
459,74,50.99,13,0
88,10,54.29,14,0
373,72,72.27,15,0
100,54,123.43,16,0
360,52,236.55,17,0
152,20,14.82,18,0
131,32,5.59,19,0
150,14,1.87,20,0
309,50,15.5,21,0
258,28,107.28,22,0
344,53,130.0,23,0
492,24,154.41,24,0
414,79,27.93,25,0
294,22,36.51,26,1
386,30,66.0,27,0
192,63,6.53,28,0
444,4,94.45,29,0
277,77,411.87,30,0
161,59,44.75,31,0
460,87,139.77,32,0
314,8,69.32,33,0
22,82,13.68,34,0
253,12,87.28,35,0
236,31,35.65,36,0
345,78,3.5,37,0
49,34,100.77,38,0
475,82,195.85,39,0
59,98,42.28,40,0
170,75,49.48,41,0
476,76,221.66,42,0
188,49,167.99,43,0
464,79,125.51,44,0
271,57,28.61,45,0
190,95,241.04,46,0
446,93,16.77,47,0
175,26,98.56,48,0
446,18,2.92,49,0
51,96,103.2,50,0
364,86,32.45,51,0
55,38,59.72,52,0
244,81,42.35,53,0
320,87,18.97,54,0
131,88,97.28,55,0
485,50,213.69,56,0
307,8,319.62,57,0
135,41,21.36,58,0
21,6,126.36,59,0
329,69,109.17,60,0
167,44,42.06,61,0
274,64,1.93,62,0
388,29,117.05,63,0
89,28,290.95,64,0
316,11,100.0,65,0
14,65,57.14,66,0
242,19,74.48,67,0
265,9,22.27,68,0
346,27,138.85,69,0
53,34,137.21,70,0
386,44,15.73,71,0
340,68,210.36,72,0
92,82,31.36,73,0
367,15,403.17,74,0
444,51,48.27,75,0
455,13,19.59,76,0
428,83,43.34,77,0
264,49,58.01,78,0
431,70,7.18,79,0
35,56,86.33,80,0
206,76,91.04,81,0
81,51,134.3,82,0
420,37,2.96,83,0
50,17,77.92,84,0
360,58,5.44,85,0
388,87,120.78,86,0
2,90,5.73,87,0
390,29,242.73,88,0
54,33,121.09,89,0
106,60,70.8,90,0
260,91,58.25,91,0
310,89,14.0,92,0
477,55,34.39,93,0
191,10,203.22,94,0
402,47,234.81,95,0
218,23,0.07,96,0
44,85,90.17,97,0
162,21,127.05,98,0
202,13,96.43,99,0
446,33,8.52,100,0
484,24,24.55,101,0
270,11,28.81,102,0
351,17,178.22,103,0
304,68,62.21,104,0
271,47,66.71,105,0
456,25,273.17,106,0
462,94,101.36,107,0
215,73,228.94,108,0
252,21,60.97,109,0
190,84,16.19,110,0
296,83,265.83,111,0
213,83,61.38,112,0
208,12,20.04,113,0
237,37,36.01,114,0
338,42,5.21,115,0
367,17,63.17,116,0
53,48,191.82,117,0
280,28,271.18,118,0
410,41,269.71,119,0
217,99,13.38,120,0
252,47,48.14,121,0
188,18,2.86,122,0
380,78,193.22,123,0
493,99,44.43,124,0
41,71,99.73,125,0
157,13,125.49,126,0
15,82,56.18,127,0
301,13,36.59,128,0
65,31,327.58,129,0
345,2,333.79,130,0
327,16,34.17,131,0
9,9,65.32,132,0
344,73,360.62,133,0
129,38,0.49,134,0
492,75,53.22,135,0
136,54,10.59,136,0
472,56,71.16,137,0
63,86,2.5,138,0
139,97,52.24,139,0
499,87,24.94,140,0
81,45,76.21,141,0
392,34,551.99,142,0
163,9,161.21,143,0
419,88,186.85,144,0
289,8,100.86,145,0
379,7,4.24,146,0
261,36,23.17,147,0
490,18,259.11,148,0
231,3,45.59,149,0
41,28,10.94,150,0
28,70,121.2,151,0
135,44,35.59,152,0
201,21,31.31,153,0
328,28,620.34,154,0
268,54,195.29,155,0
418,54,52.41,156,0
33,65,392.52,157,0
48,21,105.01,158,0
407,99,135.49,159,0
62,13,3.2,160,0
216,57,12.97,161,0
293,49,100.26,162,0
99,54,229.29,163,0
172,10,97.75,164,0
360,53,14.39,165,0
214,44,12.3,166,0
475,47,185.91,167,0
35,53,15.0,168,0
449,74,73.45,169,0
227,46,3.78,170,0
101,13,8.41,171,0
431,37,111.58,172,0
462,24,116.85,173,0
131,2,41.77,174,0
257,86,24.28,175,0
5,81,168.05,176,0
218,14,24.48,177,0
255,10,78.09,178,0
398,35,344.86,179,1
359,25,16.0,180,0
283,3,282.81,181,0
393,17,20.2,182,0
207,12,83.8,183,0
15,54,47.32,184,0
346,24,335.04,185,0
42,29,31.96,186,0
380,43,51.03,187,0
461,25,406.63,188,0
179,60,76.89,189,0
63,90,69.84,190,0
352,65,29.81,191,0
231,84,120.85,192,0
241,28,1.45,193,0
52,16,5.08,194,0
96,47,91.47,195,0
388,81,41.81,196,0
222,92,306.44,197,0
485,58,233.5,198,0
407,76,125.07,199,0
231,27,170.45,200,0
237,53,110.06,201,0
143,42,13.42,202,0
171,59,145.05,203,0
29,47,23.6,204,0
36,94,39.07,205,0
13,34,171.06,206,0
160,37,76.9,207,0
327,6,196.57,208,0
187,7,23.96,209,0
243,96,93.59,210,0
86,96,8.75,211,0
284,25,103.02,212,0
66,33,143.77,213,0
170,55,87.93,214,0
45,58,30.96,215,0
62,7,3.18,216,0
441,57,12.72,217,0
134,12,97.37,218,0
284,16,272.45,219,0
28,80,23.13,220,0
108,43,132.81,221,0
44,77,201.33,222,0
340,7,73.58,223,0
286,51,110.64,224,0
446,73,168.75,225,0
331,32,30.2,226,0
128,75,35.22,227,0
348,8,0.06,228,0
473,97,329.94,229,0
231,87,249.55,230,0
190,89,144.63,231,0
225,72,8.24,232,0
385,45,59.33,233,0
377,86,10.75,234,0
283,59,1.6,235,0
446,4,95.76,236,0
121,67,323.98,237,0
116,29,233.17,238,0
461,29,119.32,239,0
233,98,10.16,240,0
259,98,32.04,241,0
359,28,38.57,242,0
198,77,144.03,243,0
456,79,162.07,244,0
411,87,48.63,245,0
137,44,54.11,246,0
318,90,4.55,247,0
165,4,34.13,248,0
225,90,60.02,249,0
307,9,12.44,250,0
234,5,60.38,251,0
172,56,191.85,252,0
152,96,87.07,253,0
463,84,8.22,254,0
315,50,21.28,255,0
374,75,64.35,256,0
160,15,44.86,257,0
96,32,44.43,258,0
472,28,75.35,259,0
233,22,87.8,260,0
180,17,159.39,261,0
113,59,41.7,262,0
318,90,163.71,263,0
497,71,41.34,264,0
442,57,5.7,265,0
52,26,80.79,266,0
268,25,88.65,267,0
295,10,272.63,268,0
386,45,129.49,269,0
387,83,249.83,270,0
113,11,238.97,271,0
101,77,92.78,272,0
113,53,75.03,273,0
440,72,81.52,274,0
81,68,383.19,275,0
187,95,148.35,276,0
113,28,11.23,277,0
2,75,150.7,278,0
130,65,18.7,279,0
220,49,59.3,280,0
54,47,23.63,281,0
343,52,116.98,282,0
485,88,209.81,283,0
224,54,34.3,284,0
225,60,8.56,285,0
385,57,35.45,286,0
403,47,111.58,287,0
126,31,39.86,288,0
130,46,32.59,289,0
53,26,20.39,290,0
172,5,68.82,291,0
218,84,32.29,292,0
160,52,131.31,293,0
198,75,7.97,294,0
416,54,109.07,295,0
247,33,27.12,296,0
324,50,67.19,297,0
439,38,33.7,298,0
203,27,128.29,299,0
184,98,290.6,300,0
123,15,248.98,301,0
401,96,87.57,302,0
255,61,62.1,303,0
294,21,170.54,304,0
280,46,114.99,305,0
325,69,20.28,306,0
372,6,171.99,307,0
98,38,56.02,308,0
198,62,20.95,309,0
470,86,33.1,310,0
395,62,31.13,311,0
240,82,73.23,312,0
144,78,26.71,313,0
97,74,13.19,314,0
201,46,13.2,315,0
124,13,87.53,316,0
187,95,132.71,317,0
326,94,38.79,318,0
464,3,3.53,319,0
349,94,13.61,320,0
259,6,246.15,321,0
148,93,68.03,322,0
252,8,60.44,323,0
443,44,3.88,324,0
420,33,130.43,325,0
403,81,75.09,326,0
346,75,22.57,327,0
451,77,11.66,328,0
147,50,48.35,329,0
148,11,181.5,330,0
352,95,200.47,331,0
199,28,92.34,332,0
308,70,130.03,333,0
489,41,12.23,334,0
417,16,88.7,335,0
424,68,109.95,336,0
128,99,22.4,337,0
39,48,212.16,338,0
338,56,21.69,339,0
360,64,37.61,340,0
129,59,96.91,341,0
267,90,101.71,342,0
476,62,120.19,343,0
441,76,11.88,344,0
473,11,189.36,345,0
434,89,76.11,346,0
151,18,63.74,347,0
415,19,396.85,348,0
478,87,134.85,349,0
298,55,12.56,350,0
99,82,141.28,351,0
263,26,10.01,352,0
252,6,2.79,353,0
144,4,51.69,354,0
346,29,504.81,355,0
112,59,19.22,356,0
60,98,111.67,357,0
369,17,19.04,358,0
2,43,129.02,359,0
385,80,70.39,360,0
304,66,113.93,361,0
254,34,22.67,362,0
140,8,136.9,363,0
453,13,543.05,364,0
37,8,109.56,365,0
160,94,68.02,366,0
9,96,256.62,367,0
233,94,1.6,368,0
99,65,130.91,369,0
147,43,219.59,370,0
304,39,6.37,371,0
208,81,59.8,372,0
131,59,22.91,373,0
404,84,83.59,374,0
152,88,104.85,375,0
54,86,36.04,376,0
120,93,61.62,377,0
161,86,32.76,378,0
408,44,46.11,379,0
116,9,17.38,380,0
75,37,216.77,381,0
113,74,1.01,382,0
456,36,214.05,383,0
420,92,84.79,384,0
422,28,40.3,385,0
104,42,128.39,386,0
340,43,70.88,387,0
254,85,69.14,388,0
227,88,11.67,389,0
112,42,49.35,390,0
473,66,27.58,391,0
99,55,1.58,392,0
153,72,44.64,393,0
349,48,9.41,394,0
402,91,29.68,395,0
384,22,9.71,396,0
366,27,10.64,397,0
338,93,22.19,398,0
194,67,879.99,399,0
310,13,0.22,400,0
163,45,101.8,401,0
208,10,15.23,402,0
445,9,253.36,403,0
169,54,9.83,404,0
484,27,310.25,405,0
161,34,94.4,406,0
68,1,0.13,407,0
289,32,224.44,408,0
398,89,73.75,409,0
277,93,30.47,410,0
304,71,145.79,411,0
404,67,261.27,412,0
384,84,66.1,413,0
392,20,37.91,414,0
135,94,155.56,415,0
195,35,114.5,416,0
401,99,219.6,417,0
128,91,117.93,418,0
33,90,27.91,419,0
176,78,268.32,420,0
460,17,11.07,421,0
443,18,31.19,422,0
371,45,73.44,423,0
470,93,83.41,424,0
375,84,1.54,425,0
22,53,151.67,426,0
238,91,44.88,427,0
158,82,52.16,428,0
38,68,165.74,429,0
230,65,47.69,430,0
365,1,4.84,431,0
51,58,19.41,432,0
438,26,312.14,433,0
264,20,7.3,434,0
283,87,43.84,435,0
27,10,69.95,436,0
226,59,67.98,437,0
277,75,0.4,438,0
286,41,69.55,439,0
97,5,48.41,440,0
284,65,357.84,441,0
367,17,17.34,442,0
448,22,43.72,443,0
481,98,54.38,444,0
453,41,49.54,445,0
317,93,109.61,446,0
304,68,24.27,447,0
147,69,24.98,448,0
4,11,130.64,449,0
35,56,69.37,450,0
192,51,53.64,451,0
49,21,18.54,452,0
17,99,20.77,453,0
172,76,1.06,454,0
220,26,9.59,455,0
158,19,81.38,456,0
477,60,222.45,457,0
46,71,33.85,458,0
373,47,39.71,459,0
6,71,12.29,460,0
99,26,49.21,461,0
380,40,3.79,462,0
233,5,249.62,463,0
37,21,111.81,464,0
280,78,468.3,465,0
349,4,214.41,466,0
497,23,64.05,467,0
302,84,73.33,468,0
181,15,21.14,469,0
95,93,62.0,470,0
99,8,233.33,471,0
188,41,5.22,472,0
481,19,199.18,473,0
116,46,41.7,474,0
191,28,229.77,475,0
253,91,282.82,476,0
469,68,111.13,477,0
416,15,109.19,478,0
471,99,60.29,479,0
161,37,180.51,480,0
256,1,326.0,481,0
323,67,149.2,482,0
128,24,97.27,483,0
18,27,93.34,484,1
281,40,189.36,485,0
490,63,77.91,486,0
223,61,162.89,487,0
54,36,71.11,488,0
58,98,6.45,489,0
323,93,48.44,490,0
360,24,58.78,491,0
174,24,15.27,492,0
280,4,10.81,493,0
114,67,76.67,494,0
288,34,8.9,495,0
431,57,36.09,496,0
342,49,136.49,497,0
151,87,333.63,498,0
450,53,126.54,499,0
127,23,490.97,500,0
155,69,119.84,501,0
490,95,34.78,502,0
386,53,111.49,503,0
474,62,121.12,504,0
273,41,46.48,505,0
104,57,1.79,506,0
417,60,121.47,507,0
393,54,2.19,508,0
299,70,99.75,509,0
246,57,17.87,510,0
176,10,83.38,511,0
39,40,70.1,512,0
477,7,1.36,513,0
170,38,45.08,514,0
247,85,91.9,515,0
26,61,188.79,516,0
355,84,219.5,517,0
306,3,66.14,518,0
409,51,130.35,519,0
408,86,38.05,520,0
13,47,41.88,521,0
316,68,21.62,522,0
391,92,82.54,523,0
313,76,37.77,524,0
36,38,8.81,525,0
173,36,115.52,526,0
20,41,123.02,527,0
321,69,44.63,528,0
264,13,7.98,529,0
494,87,55.56,530,0
400,58,58.4,531,0
142,50,110.46,532,0
460,30,37.89,533,0
371,62,114.76,534,0
471,25,205.17,535,0
143,27,27.11,536,0
92,51,385.94,537,0
354,78,48.84,538,0
322,57,31.1,539,0
288,47,54.73,540,0
215,39,9.92,541,0
447,16,13.43,542,0
342,22,53.52,543,0
51,85,143.74,544,0
153,54,230.57,545,0
186,21,109.31,546,0
63,72,11.12,547,0
190,16,111.48,548,0
125,59,100.9,549,0
150,31,163.87,550,0
314,42,174.44,551,0
58,74,202.65,552,0
342,32,53.47,553,0
305,59,119.69,554,0
180,34,31.23,555,0
170,9,731.77,556,0
326,81,19.28,557,0
271,11,1.02,558,0
54,96,16.11,559,0
491,10,149.55,560,0
444,86,59.2,561,0
101,17,59.33,562,0
481,68,310.16,563,0
264,48,252.12,564,0
53,52,37.28,565,0
60,25,23.45,566,0
492,21,188.71,567,0
108,65,236.47,568,0
5,63,78.0,569,0
103,89,99.27,570,0
196,51,29.69,571,0
262,36,161.35,572,0
365,81,100.0,573,0
480,88,70.02,574,0
372,66,6.2,575,0
350,15,247.62,576,0
47,96,95.57,577,0
355,39,21.4,578,0
311,70,93.24,579,0
424,1,113.15,580,0
308,23,74.61,581,0
144,39,126.62,582,0
269,57,87.1,583,0
370,81,295.21,584,0
124,34,5.52,585,0
106,41,11.23,586,0
158,93,19.08,587,0
147,73,117.17,588,0
145,13,103.73,589,0
120,70,222.62,590,0
319,6,132.0,591,0
275,84,71.0,592,0
92,52,480.75,593,0
58,3,30.94,594,0
439,81,179.09,595,0
346,63,55.65,596,0
229,49,104.62,597,0
474,76,129.93,598,0
117,47,100.45,599,0
318,55,15.14,600,0
279,64,58.51,601,0
127,65,82.43,602,0
393,81,189.08,603,0
396,67,58.64,604,0
129,90,251.02,605,0
58,15,58.05,606,0
122,32,79.58,607,0
1,96,159.1,608,0
239,68,87.48,609,0
290,18,322.43,610,0
96,83,107.98,611,0
126,43,73.96,612,0
118,35,2.39,613,0
48,78,53.4,614,0
89,58,35.56,615,0
488,33,137.87,616,0
237,14,23.35,617,0
373,34,22.97,618,0
385,61,21.01,619,0
272,4,13.42,620,0
189,88,37.25,621,0
487,59,217.09,622,0
192,29,149.13,623,0
447,83,132.9,624,0
69,6,159.62,625,0
278,97,31.39,626,0
349,49,218.43,627,0
247,40,14.77,628,0
451,83,41.0,629,0
76,65,88.37,630,0
154,69,10.86,631,0
144,27,130.98,632,0
435,80,48.98,633,0
485,6,153.44,634,0
86,13,67.9,635,0
185,64,19.95,636,0
285,62,132.71,637,0
462,99,29.05,638,0
220,19,67.49,639,0
69,76,7.85,640,0
47,80,96.2,641,0
497,43,109.62,642,0
94,74,47.59,643,0
238,89,308.83,644,0
446,20,207.28,645,0
453,95,123.08,646,0
204,68,125.05,647,0
400,44,29.09,648,0
218,23,106.95,649,0
474,2,22.09,650,0
432,22,15.55,651,0
341,57,753.87,652,0
39,72,97.39,653,0
100,7,56.39,654,0
289,78,33.99,655,0
254,56,92.61,656,0
222,67,5.09,657,0
357,16,9.95,658,0
23,83,3.34,659,0
250,51,69.15,660,0
10,82,91.78,661,0
246,80,6.45,662,0
325,72,127.73,663,0
100,97,26.19,664,0
290,12,115.58,665,0
180,53,401.17,666,0
223,75,117.48,667,0
394,5,214.72,668,0
250,27,296.03,669,0
147,12,66.7,670,0
442,17,121.18,671,0
96,6,191.03,672,0
257,97,44.1,673,0
325,5,30.3,674,0
493,57,292.99,675,0
4,28,129.57,676,0
16,78,24.81,677,0
280,69,59.62,678,0
336,59,159.19,679,0
247,33,79.2,680,0
258,62,104.97,681,0
497,50,140.15,682,0
476,19,97.29,683,0
384,86,77.67,684,0
160,69,138.48,685,0
475,66,130.03,686,0
340,94,99.39,687,0
152,47,44.6,688,0
396,39,52.06,689,0
178,68,352.13,690,0
163,33,11.92,691,0
380,13,31.27,692,0
33,84,67.81,693,0
417,54,181.23,694,0
445,7,17.87,695,0
179,79,32.43,696,0
427,87,6.81,697,0
101,14,122.41,698,0
268,87,27.21,699,0
323,19,49.21,700,0
65,54,58.65,701,0
417,93,221.93,702,0
168,20,52.99,703,0
330,29,15.69,704,0
43,24,74.3,705,0
44,82,329.57,706,0
285,63,93.57,707,0
397,74,409.76,708,0
12,57,183.95,709,0
95,8,3.66,710,0
302,90,107.41,711,0
386,62,33.79,712,0
253,29,82.01,713,0
499,74,32.76,714,0
242,17,42.9,715,0
35,66,256.61,716,0
215,6,23.15,717,0
337,58,207.23,718,0
90,69,3.09,719,0
264,28,9.53,720,0
93,62,192.88,721,0
410,41,99.58,722,0
458,69,137.53,723,0
90,82,23.5,724,0
418,90,77.02,725,0
115,84,133.64,726,0
105,41,98.7,727,0
391,49,63.81,728,0
196,91,321.35,729,0
314,49,112.75,730,0
114,76,238.33,731,0
493,71,130.85,732,0
75,3,132.98,733,0
413,10,8.34,734,0
376,98,44.55,735,0
420,89,195.45,736,0
217,35,26.48,737,0
277,80,12.27,738,0
249,2,39.47,739,0
164,24,24.9,740,0
394,74,259.41,741,0
357,38,202.47,742,0
457,22,69.25,743,0
408,26,6.33,744,0
192,43,125.37,745,0
227,55,97.66,746,0
177,39,352.52,747,0
99,91,81.86,748,0
496,29,41.01,749,0
36,20,73.19,750,0
466,91,387.58,751,0
497,41,119.19,752,0
487,54,111.47,753,0
96,20,27.53,754,0
152,19,136.1,755,0
151,84,138.74,756,0
190,99,38.17,757,0
224,66,66.11,758,0
37,30,34.9,759,0
268,53,29.94,760,1
369,34,2.62,761,0
183,22,33.58,762,0
13,67,80.74,763,0
279,6,0.16,764,0
217,79,33.3,765,0
355,27,213.21,766,0
361,10,90.05,767,0
286,73,93.61,768,0
273,97,51.64,769,0
369,96,112.85,770,0
62,48,21.06,771,0
84,70,170.79,772,0
368,59,12.41,773,0
217,59,106.71,774,0
342,2,41.73,775,0
397,29,137.64,776,0
187,68,79.8,777,0
19,65,60.21,778,0
177,83,18.56,779,0
100,26,101.29,780,0
396,89,367.97,781,0
445,10,174.64,782,0
233,53,6.19,783,0
403,79,47.2,784,0
76,59,259.81,785,0
265,22,69.93,786,0
455,51,108.5,787,0
284,48,243.73,788,0
206,21,206.98,789,0
223,22,69.68,790,0
384,98,57.56,791,0
52,30,41.5,792,0
339,25,126.95,793,0
367,28,33.83,794,0
144,65,28.75,795,0
373,45,44.04,796,0
69,68,19.51,797,0
99,7,118.78,798,0
396,49,95.77,799,1
25,9,65.95,800,0
436,36,49.48,801,0
379,83,239.76,802,0
469,1,2.96,803,0
484,10,146.58,804,0
53,36,232.19,805,0
151,73,59.12,806,0
144,46,80.0,807,0
57,32,289.07,808,0
39,32,23.86,809,0
109,6,73.43,810,0
181,48,64.38,811,0
42,38,29.89,812,0
186,17,170.7,813,0
423,74,229.86,814,0
398,27,152.3,815,0
223,54,21.74,816,0
122,50,9.07,817,0
133,35,93.0,818,0
163,85,5.88,819,0
215,25,111.73,820,0
221,28,75.59,821,0
235,15,108.7,822,0
331,4,89.2,823,0
146,93,54.94,824,0
239,73,22.42,825,0
76,27,36.49,826,0
9,26,74.34,827,0
74,19,105.52,828,0
442,92,151.18,829,0
492,17,145.74,830,0
401,43,360.05,831,1
253,41,33.67,832,0
230,42,7.38,833,0
7,50,42.41,834,0
174,84,135.98,835,0
141,40,57.65,836,0
168,39,170.26,837,0
170,23,79.7,838,0
393,96,265.63,839,0
434,52,295.39,840,0
283,47,7.18,841,0
122,63,60.96,842,0
194,97,94.08,843,0
5,69,29.55,844,0
29,43,52.27,845,0
165,48,113.22,846,0
422,34,25.71,847,0
339,40,92.13,848,0
136,75,119.55,849,0
496,61,9.49,850,0
365,50,68.82,851,0
321,67,30.53,852,0
342,62,128.88,853,0
145,58,21.02,854,0
327,33,222.78,855,0
217,75,56.38,856,0
301,16,22.07,857,0
132,82,57.63,858,0
292,94,52.55,859,0
70,48,56.02,860,0
252,10,88.08,861,0
415,82,73.64,862,0
275,38,16.23,863,0
445,19,6.78,864,0
364,36,130.72,865,0
182,59,82.03,866,0
167,63,44.47,867,0
91,77,165.21,868,0
202,46,49.11,869,0
346,3,158.95,870,0
19,74,36.49,871,0
39,65,7.56,872,0
126,91,269.77,873,0
451,8,50.18,874,0
173,51,157.36,875,0
141,81,32.73,876,0
242,73,103.95,877,0
220,6,206.6,878,0
126,89,4.25,879,0
58,39,177.57,880,0
148,60,84.71,881,0
476,28,93.51,882,0
456,97,74.06,883,0
317,54,207.53,884,0
383,37,4.44,885,0
361,9,30.25,886,0
423,82,208.56,887,0
1,56,139.57,888,0
387,59,1.78,889,0
461,85,72.78,890,0
348,2,75.41,891,0
190,61,51.23,892,0
191,58,35.3,893,0
369,60,114.48,894,0
409,40,23.29,895,0
312,36,160.42,896,0
417,37,162.47,897,0
422,79,53.66,898,0
117,92,33.34,899,0
134,18,33.39,900,0
58,98,65.83,901,0
44,63,127.15,902,0
173,22,44.45,903,0
160,11,94.17,904,0
173,58,48.21,905,0
317,57,36.32,906,0
303,77,2.52,907,0
149,4,0.39,908,0
80,86,25.77,909,0
374,7,52.16,910,0
213,61,190.56,911,0
203,54,160.19,912,0
252,88,31.08,913,0
229,68,28.04,914,0
164,92,25.79,915,0
227,79,41.44,916,0
147,1,68.96,917,0
20,55,57.74,918,0
441,3,24.62,919,0
402,78,13.98,920,0
47,38,1.27,921,0
233,1,16.72,922,0
305,38,122.2,923,0
14,85,27.92,924,0
143,29,63.22,925,0
415,5,89.48,926,0
1,74,217.9,927,0
373,92,219.69,928,0
54,21,136.94,929,0
374,71,3.58,930,0
259,67,85.58,931,0
144,47,154.45,932,0
471,84,1.74,933,0
441,83,79.78,934,0
459,35,195.03,935,0
12,68,64.26,936,0
330,69,0.41,937,0
224,1,1.11,938,0
272,68,53.89,939,0
456,12,16.84,940,0
358,60,109.2,941,0
460,27,123.37,942,0
408,56,19.59,943,0
156,23,219.4,944,0
373,25,58.32,945,0
8,21,15.41,946,0
122,61,144.5,947,0
348,63,156.05,948,0
164,52,101.97,949,0
90,88,192.05,950,0
136,25,133.7,951,0
186,55,213.88,952,0
316,46,56.9,953,0
178,32,137.67,954,0
28,55,830.03,955,0
220,96,129.07,956,0
357,5,12.12,957,0
41,36,73.05,958,0
228,49,88.52,959,0
192,58,19.14,960,0
411,39,329.39,961,0
447,80,19.31,962,0
145,97,19.55,963,0
201,85,246.71,964,0
417,61,62.59,965,0
212,9,6.53,966,0
461,6,91.18,967,0
220,35,92.09,968,0
240,39,6.67,969,0
413,22,359.44,970,0
397,41,78.53,971,0
46,5,82.05,972,0
35,42,73.42,973,0
253,87,94.35,974,0
390,81,30.69,975,0
82,76,33.86,976,0
371,87,71.61,977,0
256,80,164.34,978,0
197,67,5.12,979,0
303,30,92.48,980,0
409,57,164.39,981,0
450,86,17.07,982,0
10,73,1.51,983,0
312,29,37.5,984,0
286,37,88.71,985,0
242,87,14.88,986,0
251,13,55.53,987,0
365,32,80.37,988,0
5,46,91.35,989,0
119,23,32.08,990,0
289,45,51.09,991,0
374,17,150.66,992,0
65,85,283.39,993,0
146,66,197.96,994,0
224,6,83.08,995,0
239,18,52.81,996,0
177,94,40.49,997,0
267,22,13.35,998,0
341,33,11.27,999,0
282,30,116.59,1000,0
63,81,30.08,1001,0
217,32,29.39,1002,0
342,42,631.72,1003,0
315,78,20.82,1004,0
283,10,16.02,1005,0
177,36,10.39,1006,0
461,34,86.7,1007,0
417,73,98.85,1008,0
98,28,45.45,1009,0
105,11,76.66,1010,0
99,78,155.31,1011,0
385,39,170.43,1012,0
405,47,316.8,1013,0
496,19,173.88,1014,0
311,15,83.2,1015,0
6,28,19.8,1016,0
476,24,10.51,1017,0
465,72,5.61,1018,0
197,9,109.82,1019,0
351,47,164.78,1020,0
133,33,71.07,1021,0
358,62,5.63,1022,0
259,97,76.67,1023,0
437,19,274.5,1024,0
23,67,91.03,1025,0
485,74,165.77,1026,0
53,40,161.02,1027,0
165,47,269.01,1028,0
202,65,147.07,1029,0
458,29,137.71,1030,0
83,50,26.67,1031,0
145,98,6.18,1032,0
85,13,72.9,1033,0
78,1,13.29,1034,0
457,34,327.53,1035,0
366,93,34.24,1036,0
1,48,191.69,1037,0
51,77,49.04,1038,0
173,48,39.04,1039,0
205,49,273.58,1040,0
260,64,45.15,1041,0
446,61,49.48,1042,0
449,29,11.22,1043,0
369,39,111.0,1044,0
488,88,34.09,1045,0
288,26,88.09,1046,0
34,17,89.49,1047,0
348,71,127.01,1048,0
95,13,136.74,1049,0
72,69,72.25,1050,0
39,26,40.2,1051,0
154,49,181.68,1052,0
250,67,37.09,1053,0
162,7,70.83,1054,0
438,58,51.29,1055,0
118,49,193.16,1056,0
259,53,56.55,1057,0
379,65,48.79,1058,0
306,62,117.06,1059,0
268,17,92.24,1060,0
449,43,11.34,1061,0
54,25,70.96,1062,0
236,3,132.98,1063,0
389,79,483.77,1064,0
478,29,99.19,1065,0
222,32,46.25,1066,0
251,26,25.64,1067,0
313,16,206.22,1068,0
401,25,168.51,1069,0
112,54,26.65,1070,0
255,28,22.39,1071,0
303,73,125.57,1072,0
407,56,37.83,1073,0
207,65,36.59,1074,0
229,93,16.52,1075,0
341,86,30.65,1076,0
398,80,55.78,1077,1
66,41,131.99,1078,0
75,51,40.99,1079,0
435,71,39.84,1080,0
103,78,33.54,1081,0
422,29,65.06,1082,0
192,83,19.92,1083,0
252,19,66.48,1084,0
226,66,121.8,1085,0
294,41,3.02,1086,0
306,45,0.98,1087,1
98,15,7.81,1088,0
338,3,76.71,1089,0
286,11,192.73,1090,0
335,53,0.49,1091,0
347,46,275.93,1092,0
435,30,11.24,1093,0
447,57,184.51,1094,0
482,18,65.94,1095,0
308,51,107.69,1096,0
249,48,71.47,1097,0
166,66,64.83,1098,0
481,96,180.12,1099,0
472,8,141.01,1100,0
335,22,66.05,1101,0
30,6,11.84,1102,0
247,76,12.26,1103,0
106,57,161.72,1104,0
51,36,75.37,1105,0
81,79,65.7,1106,0
133,92,114.12,1107,0
285,57,195.79,1108,0
388,49,99.12,1109,0
138,45,143.91,1110,0
184,82,144.93,1111,0
401,66,44.05,1112,0
330,77,32.03,1113,0
273,45,161.53,1114,0
340,79,47.35,1115,0
472,20,233.65,1116,0
69,64,7.22,1117,0
34,93,6.0,1118,0
262,93,261.74,1119,0
53,67,104.54,1120,0
450,83,47.74,1121,0
205,3,140.67,1122,0
126,54,111.57,1123,0
235,78,75.76,1124,0
43,64,10.41,1125,0
240,40,167.23,1126,0
459,59,201.01,1127,0
371,55,18.89,1128,0
111,62,190.05,1129,0
249,4,210.25,1130,0
151,60,79.72,1131,0
183,75,106.76,1132,0
336,95,48.17,1133,0
95,96,33.1,1134,0
459,91,128.01,1135,0
374,30,197.96,1136,0
400,2,106.15,1137,0
8,62,71.66,1138,0
388,49,17.31,1139,0
360,9,5.49,1140,0
388,92,59.0,1141,0
184,31,5.06,1142,0
281,98,84.24,1143,0
195,61,48.24,1144,0
352,79,141.55,1145,0
195,48,36.48,1146,0
155,25,89.89,1147,1
93,36,77.15,1148,0
160,8,0.47,1149,0
434,73,7.51,1150,0
61,58,34.3,1151,0
122,45,213.91,1152,0
51,62,15.9,1153,0
403,39,124.1,1154,0
277,96,362.56,1155,0
5,58,156.34,1156,0
466,81,27.83,1157,0
92,99,238.99,1158,0
170,83,9.77,1159,0
317,64,63.14,1160,0
22,44,218.52,1161,0
405,29,102.52,1162,0
326,59,53.38,1163,0
1,71,34.65,1164,0
133,92,47.02,1165,0
233,9,71.12,1166,0
12,92,38.43,1167,1
346,6,347.27,1168,0
46,29,270.42,1169,0
34,58,204.54,1170,0
433,17,54.79,1171,0
78,16,117.54,1172,0
218,87,233.13,1173,0
301,95,190.0,1174,0
411,3,53.5,1175,0
73,21,11.92,1176,0
282,64,7.86,1177,0
249,90,86.05,1178,0
47,36,102.9,1179,0
121,86,189.61,1180,0
214,62,34.6,1181,0
239,42,18.33,1182,0
56,76,47.64,1183,0
350,42,43.63,1184,0
107,61,14.21,1185,0
319,13,111.56,1186,0
48,11,71.07,1187,0
61,54,127.7,1188,0
337,16,43.49,1189,0
26,8,39.41,1190,0
292,59,63.98,1191,0
257,57,209.89,1192,0
8,40,4.11,1193,0
113,59,163.39,1194,0
355,2,46.04,1195,0
253,94,192.84,1196,0
180,94,162.05,1197,0
207,76,42.89,1198,0
303,10,118.38,1199,0
127,44,17.39,1200,0
56,11,226.61,1201,0
214,79,51.83,1202,0
14,80,60.81,1203,0
474,81,122.34,1204,0
28,90,171.95,1205,0
471,2,26.96,1206,0
78,50,108.28,1207,0
216,12,49.76,1208,0
386,90,46.0,1209,0
365,23,117.13,1210,0
154,18,48.97,1211,0
14,62,42.48,1212,0
187,96,180.72,1213,0
312,62,10.68,1214,0
371,38,112.67,1215,0
7,67,28.6,1216,0
3,38,1.56,1217,0
111,67,18.24,1218,0
407,94,93.31,1219,0
238,61,123.49,1220,0
363,1,2.13,1221,0
239,94,3.71,1222,0
493,45,232.83,1223,0
274,96,7.61,1224,0
294,28,224.6,1225,0
227,21,25.9,1226,0
371,13,134.71,1227,0
15,27,37.07,1228,0
192,7,195.72,1229,0
473,22,120.55,1230,0
119,74,51.39,1231,0
485,53,7.94,1232,0
28,79,131.94,1233,0
202,79,95.94,1234,0
39,4,0.29,1235,0
441,96,0.95,1236,0
273,23,165.44,1237,0
231,70,30.03,1238,0
86,88,101.1,1239,0
474,84,60.55,1240,0
126,84,199.09,1241,0
300,76,248.84,1242,0
25,33,574.7,1243,0
145,28,16.69,1244,0
13,8,198.75,1245,0
212,1,30.93,1246,0
25,37,89.36,1247,0
68,63,70.48,1248,0
394,22,1.82,1249,0
67,70,269.97,1250,0
233,21,8.16,1251,0
109,96,116.55,1252,0
146,35,153.71,1253,0
111,79,158.62,1254,0
228,5,14.56,1255,0
111,60,59.34,1256,0
470,46,176.86,1257,0
34,50,36.05,1258,0
111,48,63.06,1259,1
264,6,31.85,1260,0
424,89,62.28,1261,0
369,56,218.78,1262,0
236,59,60.72,1263,0
83,29,81.17,1264,0
42,71,51.75,1265,0
425,77,61.64,1266,0
101,18,1.53,1267,0
6,2,33.37,1268,0
180,8,57.37,1269,0
282,75,100.46,1270,0
320,97,59.79,1271,0
226,54,41.22,1272,0
443,38,49.12,1273,0
440,48,27.75,1274,0
315,27,258.35,1275,0
365,20,73.76,1276,0
454,12,1.35,1277,0
229,43,1.96,1278,0
377,61,361.05,1279,0
289,31,25.03,1280,0
437,91,163.79,1281,0
150,96,6.0,1282,0
277,61,254.04,1283,0
198,74,207.48,1284,0
70,67,84.65,1285,0
112,91,0.9,1286,0
4,35,29.82,1287,0
350,95,52.23,1288,0
331,15,61.63,1289,0
446,16,35.34,1290,0
318,13,3.35,1291,0
350,35,89.19,1292,0
95,75,74.27,1293,0
152,59,33.27,1294,0
311,21,3.87,1295,0
137,54,522.03,1296,0
247,75,65.78,1297,0
387,30,141.06,1298,0
243,48,60.21,1299,0
31,35,4.41,1300,0
40,86,37.05,1301,0
229,38,38.58,1302,0
36,31,182.23,1303,0
408,78,106.2,1304,0
223,24,32.22,1305,0
6,49,343.39,1306,0
322,96,38.79,1307,0
468,32,633.91,1308,0
220,55,556.32,1309,0
75,79,21.22,1310,0
4,58,37.5,1311,0
335,99,66.56,1312,0
134,3,109.09,1313,0
118,80,75.09,1314,0
369,69,348.81,1315,0
94,85,128.73,1316,0
486,10,23.83,1317,0
435,83,11.1,1318,0
62,25,116.6,1319,0
441,68,17.25,1320,0
194,61,154.96,1321,0
335,29,37.26,1322,0
203,19,39.59,1323,0
392,43,1.09,1324,0
26,66,120.73,1325,0
435,74,12.02,1326,0
173,61,148.23,1327,0
300,43,67.7,1328,0
133,25,153.38,1329,0
326,20,87.69,1330,0
410,48,8.6,1331,0
118,83,145.09,1332,0
324,87,7.24,1333,0
275,24,65.14,1334,0
212,11,18.92,1335,0
225,98,139.57,1336,0
20,55,242.58,1337,0
113,28,80.77,1338,0
140,69,74.9,1339,0
47,63,144.38,1340,0
1,59,0.51,1341,0
90,5,249.81,1342,0
142,51,22.0,1343,0
320,21,414.26,1344,0
38,12,133.28,1345,0
293,50,148.83,1346,0
382,4,106.77,1347,0
139,42,63.8,1348,0
356,84,84.78,1349,0
333,38,4.75,1350,0
491,25,97.81,1351,0
259,14,98.38,1352,0
161,75,221.83,1353,0
390,32,70.45,1354,0
178,11,8.03,1355,0
10,61,36.56,1356,0
261,18,106.6,1357,0
407,27,27.35,1358,0
138,55,32.92,1359,0
172,54,171.74,1360,0
386,82,87.78,1361,0
13,87,71.03,1362,0
168,75,38.34,1363,0
130,21,131.28,1364,0
84,44,33.93,1365,0
321,5,133.58,1366,0
319,87,7.27,1367,0
101,41,199.91,1368,0
329,59,69.23,1369,0
273,89,57.72,1370,0
265,54,94.42,1371,0
459,74,97.87,1372,0
399,22,14.16,1373,0
408,83,141.15,1374,0
38,65,32.29,1375,0
419,64,235.35,1376,0
94,71,170.29,1377,0
95,4,42.51,1378,0
305,65,164.89,1379,0
69,15,44.07,1380,0
318,76,10.64,1381,0
444,22,326.72,1382,0
236,86,105.73,1383,0
434,47,60.9,1384,0
334,81,50.71,1385,0
373,93,39.26,1386,0
376,46,398.72,1387,0
459,14,14.47,1388,0
137,50,37.81,1389,0
418,20,66.46,1390,0
76,50,65.01,1391,0
483,33,63.75,1392,0
35,59,19.33,1393,0
1,43,15.66,1394,0
296,79,29.41,1395,0
320,12,245.95,1396,0
406,40,12.0,1397,0
60,20,141.64,1398,0
320,94,141.7,1399,0
349,38,165.95,1400,0
328,3,217.7,1401,0
267,28,30.52,1402,0
361,56,25.43,1403,0
229,90,62.64,1404,0
270,94,30.8,1405,0
316,13,132.54,1406,0
286,77,101.04,1407,0
291,66,207.93,1408,0
213,37,8.64,1409,0
165,49,246.61,1410,0
5,66,34.72,1411,0
339,36,67.47,1412,0
379,54,57.73,1413,0
78,26,142.84,1414,0
410,75,54.53,1415,0
62,72,287.45,1416,0
132,40,232.83,1417,0
89,43,205.7,1418,0
237,22,7.39,1419,0
42,20,192.59,1420,0
89,8,152.16,1421,0
402,29,10.93,1422,0
296,40,11.36,1423,0
328,90,10.67,1424,0
295,30,1.14,1425,0
104,81,79.55,1426,0
14,84,362.66,1427,0
288,55,57.75,1428,0
179,16,77.82,1429,0
125,46,344.11,1430,0
422,62,29.46,1431,0
353,7,195.52,1432,0
23,80,79.05,1433,0
63,45,84.28,1434,0
143,59,42.03,1435,0
481,56,82.46,1436,0
153,48,7.6,1437,0
145,27,144.67,1438,0
225,53,33.5,1439,0
495,87,218.58,1440,0
450,88,45.86,1441,0
462,73,15.41,1442,0
309,35,119.03,1443,0
104,51,17.98,1444,0
104,84,140.11,1445,0
435,37,344.55,1446,0
39,81,151.21,1447,0
435,95,2.27,1448,0
198,57,91.6,1449,0
134,8,118.88,1450,0
67,79,174.56,1451,0
391,95,5.76,1452,0
179,94,65.41,1453,0
456,20,76.65,1454,0
42,53,18.53,1455,0
448,12,38.93,1456,0
15,49,58.02,1457,0
111,17,179.1,1458,0
157,64,265.08,1459,0
289,42,99.0,1460,0
478,94,50.24,1461,0
231,29,29.31,1462,0
411,19,402.49,1463,0
420,11,407.57,1464,0
157,98,259.0,1465,0
38,50,154.02,1466,0
441,71,39.42,1467,0
97,58,169.83,1468,0
485,34,52.56,1469,0
411,20,39.57,1470,0
439,50,136.6,1471,0
289,88,8.3,1472,0
254,10,4.98,1473,0
196,32,59.41,1474,0
86,52,58.99,1475,0
322,15,225.99,1476,0
10,84,13.49,1477,0
5,3,13.16,1478,0
123,37,15.95,1479,0
330,40,3.02,1480,0
353,72,7.44,1481,0
118,40,107.84,1482,0
294,56,56.49,1483,0
397,23,144.22,1484,0
159,11,490.6,1485,0
303,64,107.6,1486,0
228,8,5.18,1487,0
365,93,11.04,1488,0
216,94,212.87,1489,0
436,56,74.97,1490,0
184,60,174.2,1491,0
15,10,194.22,1492,0
157,39,262.66,1493,0
136,28,299.23,1494,0
261,49,80.93,1495,0
157,36,41.71,1496,0
47,13,326.66,1497,0
324,96,79.28,1498,0
332,36,6.64,1499,0
173,26,102.94,1500,0
130,86,88.6,1501,0
411,4,226.14,1502,0
95,95,105.9,1503,0
115,82,42.93,1504,0
243,64,338.81,1505,0
420,38,161.76,1506,0
292,88,99.54,1507,0
282,87,34.66,1508,0
299,22,46.77,1509,0
283,2,110.86,1510,0
69,31,7.47,1511,0
148,11,29.66,1512,0
11,92,125.14,1513,0
254,46,65.4,1514,0
330,96,51.48,1515,0
360,62,16.42,1516,0
38,69,58.31,1517,0
134,64,147.27,1518,0
200,10,30.65,1519,0
23,40,0.54,1520,0
303,24,110.41,1521,0
346,99,359.82,1522,0
302,44,93.35,1523,0
363,60,12.77,1524,0
396,62,38.67,1525,0
218,87,202.22,1526,0
141,17,26.47,1527,0
104,65,93.57,1528,0
446,95,51.53,1529,0
210,95,23.3,1530,0
473,57,167.88,1531,0
481,55,135.8,1532,0
111,53,108.35,1533,0
104,56,26.96,1534,0
316,98,10.3,1535,0
171,9,85.84,1536,0
460,22,80.67,1537,0
492,13,20.87,1538,0
356,89,5.79,1539,0
496,48,8.42,1540,0
324,18,492.97,1541,0
133,76,153.06,1542,0
376,40,255.09,1543,0
293,17,21.7,1544,0
328,15,323.32,1545,0
127,15,15.39,1546,0
106,79,71.15,1547,0
497,63,177.02,1548,0
92,39,43.05,1549,0
287,13,55.31,1550,0
378,81,13.72,1551,0
393,32,13.12,1552,0
51,9,96.64,1553,0
29,40,112.56,1554,0
462,20,150.21,1555,0
296,90,81.35,1556,0
297,91,103.78,1557,0
214,85,1.36,1558,0
267,82,17.69,1559,0
407,77,419.4,1560,0
257,80,7.9,1561,0
302,73,113.57,1562,0
101,63,19.37,1563,0
405,76,126.13,1564,0
346,44,122.41,1565,0
110,38,26.68,1566,0
420,83,31.42,1567,0
182,60,106.35,1568,0
471,71,49.44,1569,0
313,99,21.64,1570,0
1,48,131.56,1571,0
319,18,16.74,1572,0
438,16,193.55,1573,0
55,55,72.29,1574,0
371,39,11.17,1575,0
424,68,118.44,1576,0
399,59,73.22,1577,0
149,89,35.39,1578,0
431,96,54.91,1579,0
457,62,35.43,1580,0
309,13,30.52,1581,0
137,81,17.87,1582,0
202,6,45.06,1583,0
436,83,28.9,1584,0
313,77,115.02,1585,0
117,60,115.16,1586,0
154,90,69.68,1587,0
425,14,150.48,1588,0
291,95,184.1,1589,0
63,54,86.69,1590,0
244,4,96.48,1591,0
25,39,33.25,1592,0
90,72,225.25,1593,0
75,25,2.45,1594,0
294,77,42.86,1595,0
386,32,127.94,1596,0
391,59,8.35,1597,0
210,63,20.23,1598,0
475,38,88.99,1599,0
418,92,82.1,1600,0
347,53,134.3,1601,0
17,94,167.46,1602,0
128,67,13.76,1603,0
427,28,1.86,1604,0
443,3,117.0,1605,0
364,98,35.87,1606,0
251,80,98.35,1607,0
179,22,16.32,1608,0
182,96,63.31,1609,1
152,38,70.2,1610,0
25,72,87.97,1611,0
455,72,71.98,1612,0
180,62,68.46,1613,0
198,57,40.46,1614,0
344,6,7.38,1615,0
161,78,9.38,1616,0
177,32,56.88,1617,0
285,99,43.97,1618,0
63,10,72.59,1619,0
491,3,36.36,1620,0
150,59,116.45,1621,0
154,76,199.48,1622,0
156,49,35.51,1623,0
370,59,21.44,1624,0
469,31,12.35,1625,0
49,93,95.78,1626,0
455,69,58.67,1627,0
337,62,20.83,1628,0
84,52,105.88,1629,0
361,89,16.07,1630,0
177,41,80.81,1631,0
148,31,74.9,1632,0
118,85,132.51,1633,0
342,84,5.67,1634,0
476,22,218.81,1635,0
63,4,121.4,1636,0
189,13,24.35,1637,0
360,45,20.26,1638,0
49,42,56.5,1639,0
327,49,170.14,1640,0
257,20,185.12,1641,0
224,77,73.49,1642,1
141,81,197.19,1643,0
478,54,0.55,1644,0
215,36,3.58,1645,0
435,97,242.84,1646,0
379,1,149.31,1647,0
440,15,59.91,1648,0
211,77,140.08,1649,0
318,17,311.54,1650,0
32,24,147.88,1651,0
158,58,184.75,1652,0
285,72,142.96,1653,0
305,91,18.42,1654,0
429,23,179.32,1655,0
477,46,21.7,1656,0
286,72,223.13,1657,0
144,8,61.37,1658,0
424,59,113.0,1659,0
19,90,68.76,1660,0
18,59,9.87,1661,0
257,13,34.35,1662,0
78,39,411.85,1663,0
371,28,323.69,1664,0
175,89,38.64,1665,0
498,61,559.86,1666,1
194,16,186.79,1667,0
476,2,94.41,1668,0
113,82,4.1,1669,0
114,17,231.72,1670,0
222,30,81.52,1671,0
166,13,202.86,1672,0
435,96,179.84,1673,0
319,93,178.98,1674,0
132,94,119.79,1675,0
385,82,34.45,1676,0
264,13,40.97,1677,0
413,43,36.88,1678,0
55,85,2.02,1679,0
359,94,87.36,1680,0
131,21,120.01,1681,0
288,55,192.32,1682,0
266,81,15.1,1683,0
458,40,78.57,1684,0
467,83,0.8,1685,0
366,15,9.99,1686,0
162,73,5.57,1687,0
380,52,129.27,1688,0
481,74,8.45,1689,0
87,95,126.04,1690,0
55,53,28.72,1691,0
476,87,210.14,1692,0
288,52,167.74,1693,0
178,30,316.61,1694,0
391,33,215.21,1695,0
349,57,270.8,1696,0
8,52,195.72,1697,0
321,9,118.22,1698,0
313,54,18.66,1699,0
247,1,31.71,1700,0
323,44,23.92,1701,0
472,99,92.53,1702,0
471,75,70.04,1703,0
443,98,201.8,1704,0
255,80,305.07,1705,0
328,9,51.9,1706,0
54,32,70.59,1707,0
249,15,355.84,1708,0
239,12,32.33,1709,0
229,97,157.21,1710,0
67,78,25.52,1711,0
51,57,114.4,1712,0
97,8,29.25,1713,0
92,72,215.19,1714,0
495,27,82.43,1715,0
264,62,20.57,1716,0
418,12,25.41,1717,0
291,65,68.09,1718,0
96,42,325.98,1719,0
88,62,146.81,1720,0
78,11,67.0,1721,0
288,43,41.21,1722,0
120,95,79.69,1723,0
302,17,137.98,1724,0
491,97,153.21,1725,0
400,32,39.25,1726,0
452,93,127.71,1727,0
165,85,107.23,1728,0
182,85,319.69,1729,0
469,40,267.5,1730,0
398,23,155.77,1731,0
223,56,128.52,1732,0
311,6,32.03,1733,0
432,86,187.06,1734,0
466,50,55.78,1735,0
7,37,31.78,1736,0
330,64,48.48,1737,0
263,54,180.75,1738,0
161,72,16.09,1739,0
151,49,60.91,1740,0
85,99,67.8,1741,0
147,11,3.73,1742,0
112,88,21.78,1743,0
381,49,175.3,1744,0
403,21,177.65,1745,0
36,66,34.59,1746,0
285,63,207.86,1747,0
188,83,147.75,1748,0
82,28,54.11,1749,0
2,17,137.99,1750,0
385,6,325.28,1751,0
303,19,61.43,1752,0
197,56,27.24,1753,0
404,28,284.42,1754,0
11,66,92.57,1755,0
234,38,11.12,1756,0
386,37,85.02,1757,0
195,68,69.43,1758,0
471,86,193.51,1759,0
119,90,75.65,1760,0
396,49,29.47,1761,0
20,43,112.59,1762,0
261,36,78.21,1763,0
293,58,26.53,1764,0
422,13,85.24,1765,0
256,52,172.34,1766,0
222,58,2.9,1767,0
393,32,99.66,1768,0
226,81,43.01,1769,0
53,60,34.63,1770,0
428,83,49.85,1771,0
355,58,41.86,1772,0
342,99,178.52,1773,0
364,56,32.13,1774,0
280,28,132.11,1775,0
81,1,9.88,1776,0
202,42,302.41,1777,0
158,82,97.37,1778,0
120,48,122.66,1779,0
59,40,35.39,1780,0
494,97,53.12,1781,0
215,63,25.33,1782,0
128,76,269.62,1783,0
224,72,66.96,1784,0
209,88,99.55,1785,0
370,80,132.53,1786,0
115,4,46.38,1787,0
209,38,127.33,1788,0
14,27,112.7,1789,0
9,9,122.3,1790,0
40,16,67.18,1791,0
450,56,48.28,1792,0
237,76,25.11,1793,0
281,31,174.08,1794,0
359,88,93.74,1795,0
201,14,58.76,1796,0
246,25,288.23,1797,0
278,34,4.9,1798,0
235,67,189.83,1799,0
494,24,602.51,1800,0
4,73,217.99,1801,0
154,26,166.3,1802,0
442,20,46.89,1803,0
29,64,26.31,1804,0
109,10,132.75,1805,0
98,83,36.32,1806,0
215,67,19.36,1807,0
293,24,154.42,1808,0
75,5,37.48,1809,0
326,67,245.86,1810,0
146,58,183.65,1811,0
128,27,188.15,1812,0
341,80,147.65,1813,0
42,15,212.76,1814,0
356,35,163.86,1815,0
41,76,92.26,1816,0
422,53,35.07,1817,0
34,44,219.11,1818,0
17,26,183.64,1819,0
165,47,64.03,1820,0
153,34,3.99,1821,0
486,87,101.76,1822,0
378,95,5.19,1823,0
76,50,260.75,1824,0
87,84,326.05,1825,0
117,12,21.01,1826,0
362,87,112.82,1827,0
342,4,9.68,1828,0
469,87,130.75,1829,0
27,48,42.66,1830,0
313,55,114.27,1831,0
287,1,46.66,1832,0
134,89,15.73,1833,0
219,66,52.11,1834,0
168,30,11.95,1835,0
98,3,86.01,1836,0
268,21,4.18,1837,0
237,89,74.93,1838,0
309,84,217.48,1839,0
455,49,181.94,1840,0
394,86,214.37,1841,0
173,85,255.17,1842,0
401,62,11.04,1843,0
410,97,13.78,1844,0
469,38,81.42,1845,0
476,15,224.41,1846,0
190,52,366.32,1847,0
122,79,4.74,1848,0
46,46,43.97,1849,0
64,25,23.94,1850,1
130,21,141.04,1851,0
310,88,102.22,1852,0
363,5,12.77,1853,0
193,70,66.07,1854,0
307,47,115.66,1855,0
181,87,150.96,1856,0
292,68,2.03,1857,0
371,91,221.16,1858,0
282,18,84.23,1859,0
29,21,167.08,1860,0
149,92,164.99,1861,0
267,99,21.05,1862,0
296,86,11.67,1863,0
11,23,127.76,1864,0
164,64,17.01,1865,0
113,67,189.67,1866,0
187,40,129.53,1867,0
295,10,184.41,1868,0
232,89,35.53,1869,0
227,52,38.07,1870,0
310,72,111.24,1871,0
98,75,3.2,1872,0
55,61,129.64,1873,0
111,64,180.66,1874,0
152,5,53.64,1875,0
246,53,144.77,1876,0
406,55,19.19,1877,0
69,37,38.9,1878,0
312,56,366.15,1879,0
289,59,429.24,1880,0
250,93,71.87,1881,0
36,69,272.22,1882,0
239,73,73.97,1883,0
148,59,34.47,1884,0
467,2,31.05,1885,0
227,65,265.22,1886,0
244,60,18.93,1887,0
491,51,86.66,1888,0
337,30,81.09,1889,0
446,11,134.56,1890,0
365,92,69.16,1891,0
491,76,31.78,1892,0
482,39,18.56,1893,0
201,90,96.97,1894,0
154,77,126.94,1895,0
450,72,84.29,1896,0
73,63,134.08,1897,0
201,64,15.26,1898,0
296,61,214.11,1899,0
17,54,87.32,1900,0
129,92,13.56,1901,0
217,94,61.98,1902,0
61,73,186.3,1903,0
427,95,227.85,1904,0
104,58,30.74,1905,0
42,85,124.22,1906,0
25,56,10.53,1907,0
39,34,3.41,1908,0
291,31,82.19,1909,0
131,52,118.69,1910,0
498,89,158.86,1911,0
229,76,41.58,1912,0
108,1,0.65,1913,0
172,55,65.3,1914,0
435,22,1.6,1915,0
478,40,9.65,1916,0
102,1,39.55,1917,0
354,65,57.48,1918,0
12,63,32.78,1919,0
275,54,87.2,1920,0
101,42,5.69,1921,0
44,21,15.62,1922,0
443,79,118.83,1923,0
305,81,15.33,1924,0
445,22,102.1,1925,0
17,38,5.62,1926,0
330,99,52.32,1927,0
57,80,19.53,1928,0
311,8,11.61,1929,0
497,62,83.71,1930,0
303,47,263.58,1931,0
12,17,5.63,1932,0
318,17,54.74,1933,0
80,90,122.94,1934,0
216,13,62.12,1935,0
339,17,164.25,1936,0
264,38,19.8,1937,0
479,81,320.88,1938,0
149,78,48.64,1939,0
81,45,41.79,1940,0
215,6,207.63,1941,0
485,35,82.98,1942,0
374,14,72.66,1943,0
464,72,129.82,1944,0
198,61,86.71,1945,0
200,15,17.74,1946,0
25,54,112.15,1947,0
466,27,14.33,1948,0
89,13,163.92,1949,0
268,31,457.92,1950,1
143,35,47.38,1951,0
59,60,58.83,1952,0
410,6,4.75,1953,0
489,69,1.38,1954,0
365,86,254.36,1955,0
26,58,13.77,1956,0
47,49,59.02,1957,0
288,23,168.93,1958,0
266,89,220.11,1959,0
16,34,73.27,1960,0
199,26,83.25,1961,0
401,47,110.77,1962,0
407,5,325.4,1963,0
282,90,92.3,1964,0
469,20,81.98,1965,0
86,6,1.46,1966,0
250,70,8.44,1967,0
391,59,86.08,1968,0
270,64,275.26,1969,0
335,18,201.51,1970,0
117,4,405.01,1971,0
7,17,75.04,1972,0
137,14,155.08,1973,0
371,78,183.51,1974,0
176,13,104.42,1975,0
328,7,41.36,1976,0
498,44,63.48,1977,0
315,15,195.13,1978,0
215,19,35.46,1979,0
477,63,257.36,1980,0
82,35,26.11,1981,0
223,81,138.44,1982,0
478,35,99.58,1983,0
372,19,138.47,1984,0
423,20,57.51,1985,0
483,35,269.77,1986,0
402,32,100.1,1987,0
443,48,34.01,1988,0
490,44,101.74,1989,0
103,24,33.8,1990,0
273,61,34.76,1991,0
14,17,51.02,1992,0
159,71,191.35,1993,0
152,50,69.37,1994,0
483,65,113.6,1995,0
108,99,49.75,1996,0
188,32,30.6,1997,0
301,36,309.31,1998,0
98,13,92.53,1999,0
131,70,271.74,2000,0
293,58,22.74,2001,0
171,14,15.89,2002,0
424,37,193.67,2003,0
474,79,114.23,2004,0
183,68,20.65,2005,0
471,40,31.38,2006,0
364,59,161.28,2007,0
39,80,60.49,2008,0
15,92,111.03,2009,0
376,16,38.32,2010,0
497,62,48.0,2011,0
4,4,467.91,2012,0
349,45,28.45,2013,0
470,90,70.61,2014,0
409,28,186.05,2015,0
397,96,27.34,2016,0
210,66,53.65,2017,0
161,31,95.47,2018,0
16,3,65.62,2019,0
493,8,61.53,2020,0
426,24,45.02,2021,0
108,15,88.35,2022,0
382,43,97.92,2023,0
450,31,105.93,2024,0
311,73,7.3,2025,0
227,45,99.71,2026,0
170,66,306.27,2027,0
34,8,77.87,2028,0
414,71,125.62,2029,0
251,57,81.36,2030,0
247,80,192.92,2031,0
269,99,265.33,2032,1
141,30,20.36,2033,0
274,74,57.42,2034,0
416,18,49.82,2035,0
96,69,51.96,2036,0
227,93,13.41,2037,0
379,39,167.99,2038,0
39,60,3.64,2039,0
302,98,75.13,2040,0
29,43,108.43,2041,0
446,45,23.25,2042,0
497,23,236.29,2043,0
477,69,182.36,2044,0
318,94,63.69,2045,0
245,6,52.96,2046,0
236,56,26.99,2047,0
185,4,130.93,2048,0
272,93,14.13,2049,0
440,23,114.02,2050,0
236,6,184.81,2051,0
239,32,25.94,2052,0
377,18,201.31,2053,0
266,15,3.39,2054,0
414,40,243.94,2055,0
409,96,12.6,2056,0
359,73,103.78,2057,0
340,74,28.78,2058,0
389,84,181.13,2059,0
65,6,71.81,2060,0
478,63,14.53,2061,0
177,67,84.63,2062,0
3,11,52.41,2063,0
429,43,108.31,2064,0
142,17,213.63,2065,0
376,96,52.66,2066,0
158,4,34.23,2067,0
498,63,1.46,2068,0
324,68,85.53,2069,0
146,81,51.46,2070,0
446,41,46.94,2071,0
293,83,20.2,2072,0
153,5,56.22,2073,0
432,32,416.32,2074,0
193,86,35.35,2075,0
437,70,91.56,2076,0
494,35,149.83,2077,0
463,22,138.29,2078,0
73,65,39.86,2079,0
399,84,94.38,2080,0
305,22,205.0,2081,0
377,11,1.56,2082,0
344,77,57.22,2083,0
452,3,25.4,2084,0
140,9,49.21,2085,0
187,60,53.78,2086,0
293,76,137.31,2087,0
61,87,9.85,2088,0
485,14,71.86,2089,0
427,97,83.06,2090,0
380,18,68.15,2091,0
198,73,131.63,2092,0
295,23,48.42,2093,0
440,74,289.98,2094,0
319,83,65.74,2095,0
302,47,84.68,2096,0
344,69,174.6,2097,0
11,47,32.19,2098,0
62,87,7.82,2099,0
333,30,123.03,2100,0
226,25,65.97,2101,0
153,28,226.82,2102,0
199,98,405.59,2103,0
52,25,50.93,2104,0
260,74,53.69,2105,0
59,78,52.42,2106,0
72,58,39.24,2107,0
148,94,152.18,2108,0
349,41,142.29,2109,0
63,25,65.13,2110,0
310,78,4.57,2111,0
373,99,37.04,2112,0
243,48,34.57,2113,0
493,98,166.65,2114,0
366,10,9.17,2115,0
330,99,163.82,2116,0
107,75,110.62,2117,0
226,11,131.84,2118,0
313,85,56.6,2119,0
218,21,113.86,2120,0
425,86,93.91,2121,0
241,45,146.53,2122,0
259,7,59.2,2123,0
376,81,64.02,2124,0
262,64,103.16,2125,0
5,64,11.44,2126,0
261,2,57.31,2127,0
54,76,357.38,2128,0
47,42,3.83,2129,0
215,82,37.98,2130,0
177,54,37.7,2131,0
9,75,100.37,2132,0
99,16,11.18,2133,0
20,18,99.03,2134,0
378,99,9.99,2135,0
241,59,9.98,2136,0
61,90,130.26,2137,0
379,16,39.18,2138,0
490,6,379.08,2139,0
419,57,3.81,2140,0
178,47,58.9,2141,0
338,48,12.01,2142,0
62,42,43.29,2143,0
145,76,633.25,2144,0
216,60,219.68,2145,0
3,77,4.95,2146,0
160,4,82.84,2147,0
227,2,104.36,2148,0
486,90,23.51,2149,0
269,59,15.68,2150,0
120,27,234.74,2151,0
381,27,346.79,2152,0
495,79,481.5,2153,0
89,72,155.95,2154,0
329,7,108.92,2155,0
68,63,42.42,2156,0
398,46,18.8,2157,0
357,63,8.23,2158,0
98,12,118.19,2159,0
267,13,153.58,2160,0
105,43,175.13,2161,0
440,17,245.07,2162,0
323,63,211.97,2163,0
123,81,825.97,2164,0
476,36,27.98,2165,0
29,85,144.1,2166,0
137,8,88.3,2167,0
195,69,30.28,2168,0
409,90,401.21,2169,0
226,80,228.18,2170,0
332,36,13.76,2171,0
170,28,2.65,2172,0
9,93,116.58,2173,0
463,47,92.67,2174,0
40,76,274.6,2175,0
25,30,26.66,2176,0
261,23,8.82,2177,0
395,16,30.0,2178,0
443,14,1.91,2179,1
226,74,3.66,2180,0
472,71,246.34,2181,0
124,52,43.39,2182,0
463,37,52.9,2183,0
38,29,1.85,2184,0
328,67,31.54,2185,0
251,15,163.34,2186,0
389,47,95.58,2187,0
176,46,140.15,2188,0
90,52,59.28,2189,0
402,19,37.07,2190,0
454,77,65.93,2191,0
37,21,39.02,2192,0
316,64,182.62,2193,0
176,37,35.34,2194,0
461,27,107.81,2195,0
284,55,14.73,2196,0
453,29,116.11,2197,0
461,20,244.53,2198,0
81,25,93.8,2199,0
114,70,82.07,2200,0
40,63,324.72,2201,0
301,36,98.72,2202,0
224,2,30.05,2203,0
318,22,34.59,2204,0
349,96,122.18,2205,0
115,16,132.97,2206,0
186,18,36.17,2207,0
323,69,42.36,2208,0
56,54,471.68,2209,0
40,30,10.75,2210,0
354,45,51.86,2211,0
40,19,6.45,2212,0
347,87,172.08,2213,0
461,34,9.69,2214,0
237,13,112.09,2215,0
289,43,5.81,2216,0
262,62,111.74,2217,0
216,93,185.17,2218,0
147,22,50.89,2219,0
336,52,73.84,2220,0
168,52,51.34,2221,0
92,36,35.74,2222,0
353,73,162.59,2223,0
59,19,31.75,2224,0
59,38,128.35,2225,0
304,70,23.09,2226,0
169,79,28.75,2227,0
269,57,41.02,2228,0
363,20,88.95,2229,0
45,9,60.59,2230,0
345,32,136.71,2231,0
181,4,24.02,2232,0
170,50,1.07,2233,0
356,82,149.86,2234,0
191,5,172.4,2235,0
155,20,6.13,2236,0
422,87,94.39,2237,0
188,75,47.51,2238,0
7,37,157.94,2239,0
133,22,207.48,2240,0
235,58,190.38,2241,0
45,68,150.15,2242,0
314,93,31.34,2243,0
249,44,167.07,2244,0
499,34,76.25,2245,0
31,77,5.42,2246,0
23,42,61.05,2247,0
426,9,285.0,2248,0
394,95,218.8,2249,0
160,7,10.79,2250,0
363,68,136.31,2251,0
437,19,163.88,2252,0
158,94,31.66,2253,0
39,31,63.79,2254,0
415,35,124.13,2255,0
82,57,57.81,2256,0
356,85,11.97,2257,0
258,61,122.38,2258,0
206,31,242.63,2259,0
77,83,105.69,2260,0
477,95,148.63,2261,0
12,53,44.37,2262,0
295,32,20.24,2263,0
450,66,102.94,2264,0
224,59,39.72,2265,0
13,10,196.66,2266,0
46,2,13.08,2267,0
155,66,56.82,2268,0
113,60,50.54,2269,0
233,88,278.15,2270,0
17,17,16.62,2271,0
360,96,0.99,2272,0
223,16,27.19,2273,0
354,16,171.63,2274,0
188,46,23.49,2275,0
448,39,27.56,2276,0
344,31,13.91,2277,0
365,88,125.68,2278,0
163,1,7.17,2279,0
496,11,40.23,2280,0
326,85,33.2,2281,0
467,4,81.0,2282,0
414,71,131.09,2283,0
455,26,76.12,2284,0
74,50,267.4,2285,0
233,12,302.5,2286,0
224,95,44.86,2287,0
482,81,150.36,2288,0
319,97,134.25,2289,0
412,75,223.46,2290,0
60,92,59.41,2291,0
335,96,75.6,2292,0
222,65,53.75,2293,0
37,47,189.96,2294,0
477,92,26.1,2295,0
278,53,27.41,2296,0
196,71,46.62,2297,0
404,2,26.18,2298,0
352,24,82.33,2299,0
484,4,14.44,2300,0
242,19,38.59,2301,0
324,26,244.7,2302,0
219,75,52.63,2303,0
192,40,137.93,2304,0
17,50,12.04,2305,0
12,43,28.44,2306,0
406,75,164.69,2307,0
401,67,143.97,2308,0
394,12,48.8,2309,0
374,67,308.78,2310,0
193,27,241.51,2311,0
22,54,327.81,2312,0
474,66,55.85,2313,0
120,49,22.0,2314,0
210,16,98.53,2315,0
306,2,115.45,2316,0
270,60,13.4,2317,0
192,54,154.4,2318,0
175,30,1.82,2319,0
285,84,65.92,2320,0
204,38,40.2,2321,0
164,28,134.82,2322,0
251,25,37.51,2323,0
227,96,175.33,2324,0
436,10,90.38,2325,0
381,60,157.94,2326,0
460,42,454.13,2327,0
7,40,113.68,2328,0
29,97,419.64,2329,0
395,77,2.93,2330,0
33,42,41.27,2331,0
134,47,11.41,2332,0
367,37,30.42,2333,0
79,80,182.57,2334,0
416,22,3.29,2335,0
435,57,73.44,2336,0
459,84,83.73,2337,0
58,27,82.36,2338,0
471,41,64.49,2339,0
26,80,156.35,2340,0
482,34,14.33,2341,0
430,32,37.19,2342,0
226,90,95.64,2343,0
285,89,117.43,2344,0
4,66,51.78,2345,0
465,12,208.24,2346,0
99,40,53.7,2347,0
397,73,51.55,2348,0
489,76,3.69,2349,0
39,90,80.1,2350,0
271,73,123.33,2351,0
375,10,12.15,2352,0
285,96,36.45,2353,0
157,98,151.99,2354,0
75,48,45.56,2355,0
372,20,27.65,2356,0
288,39,111.54,2357,0
130,60,21.91,2358,0
175,66,226.0,2359,0
462,65,11.16,2360,0
84,51,122.6,2361,0
22,36,69.22,2362,0
459,24,203.97,2363,0
27,27,13.49,2364,0
195,2,113.29,2365,0
337,31,84.88,2366,0
382,57,65.41,2367,0
236,78,67.61,2368,0
440,66,128.01,2369,0
92,29,277.65,2370,0
477,15,9.57,2371,0
21,12,1.97,2372,0
303,28,163.84,2373,0
464,84,11.45,2374,0
357,24,431.98,2375,0
443,21,96.59,2376,0
84,10,105.23,2377,0
262,78,22.18,2378,0
147,18,27.48,2379,0
441,88,107.69,2380,0
453,14,240.49,2381,0
387,34,403.93,2382,0
257,58,22.07,2383,0
58,76,14.4,2384,0
380,22,5.81,2385,0
422,70,202.72,2386,0
15,36,34.92,2387,0
162,45,0.18,2388,0
445,36,25.34,2389,0
163,22,41.62,2390,0
320,78,470.9,2391,0
497,80,74.14,2392,0
281,61,22.91,2393,0
280,56,40.77,2394,0
12,89,40.09,2395,0
274,96,1.99,2396,0
271,33,14.52,2397,0
492,45,118.81,2398,0
208,36,12.81,2399,0
27,20,26.23,2400,0
72,18,43.19,2401,0
60,38,141.77,2402,0
430,67,87.32,2403,0
473,23,116.8,2404,0
145,96,83.7,2405,0
93,16,115.07,2406,0
309,59,0.28,2407,0
8,69,267.22,2408,0
79,68,11.76,2409,0
27,21,52.13,2410,0
174,78,147.42,2411,0
50,95,57.13,2412,0
199,78,293.45,2413,0
387,70,63.03,2414,0
349,12,207.9,2415,0
448,16,166.51,2416,0
428,81,396.26,2417,0
181,87,261.11,2418,0
24,14,228.4,2419,0
316,61,131.53,2420,0
378,71,45.73,2421,0
387,46,11.22,2422,0
404,32,116.68,2423,0
46,15,384.69,2424,0
15,44,129.68,2425,0
153,17,264.13,2426,0
222,41,163.12,2427,0
206,54,17.81,2428,0
455,44,28.66,2429,0
273,98,41.83,2430,0
382,5,18.42,2431,0
236,27,87.14,2432,0
340,87,370.71,2433,0
228,78,143.32,2434,0
9,79,55.06,2435,0
166,43,0.45,2436,0
432,97,37.58,2437,0
444,31,74.82,2438,0
319,99,39.19,2439,0
214,17,11.77,2440,0
117,92,58.48,2441,0
386,83,29.2,2442,0
344,54,239.95,2443,0
72,62,10.73,2444,0
395,87,5.04,2445,0
64,32,0.53,2446,0
205,40,39.76,2447,0
209,13,107.99,2448,0
72,84,131.09,2449,0
277,35,60.38,2450,0
274,5,115.31,2451,0
478,73,44.62,2452,0
320,29,110.2,2453,0
338,70,4.14,2454,0
366,25,49.55,2455,0
495,95,156.47,2456,0
95,22,162.46,2457,0
166,66,125.93,2458,0
32,45,22.85,2459,0
11,69,28.4,2460,0
301,91,554.39,2461,0
217,89,10.91,2462,0
289,72,19.93,2463,0
102,1,13.93,2464,0
425,84,39.7,2465,0
392,44,23.59,2466,0
267,87,68.85,2467,0
214,96,64.63,2468,0
179,75,231.78,2469,0
88,39,3.54,2470,0
41,54,38.55,2471,0
401,88,90.8,2472,0
76,75,92.84,2473,0
377,29,65.42,2474,0
46,54,169.1,2475,0
160,90,6.48,2476,0
463,16,169.0,2477,0
80,99,68.27,2478,0
310,20,14.36,2479,0
86,46,216.89,2480,0
92,67,104.76,2481,0
148,65,17.86,2482,0
161,58,3.42,2483,0
202,53,15.21,2484,0
424,1,93.85,2485,0
416,81,19.76,2486,0
242,66,25.59,2487,0
353,29,2.55,2488,0
2,84,128.35,2489,0
225,70,166.27,2490,0
289,8,159.38,2491,0
233,29,13.65,2492,0
461,51,233.62,2493,0
414,33,111.56,2494,0
417,3,227.82,2495,0
77,60,59.27,2496,0
116,35,57.44,2497,0
154,69,153.5,2498,0
406,91,9.79,2499,0
103,76,73.58,2500,0
194,84,181.02,2501,0
166,20,177.31,2502,0
359,73,312.66,2503,0
90,39,119.82,2504,0
174,4,23.29,2505,0
122,19,2.05,2506,0
498,91,65.28,2507,0
143,45,72.09,2508,0
482,43,27.48,2509,0
106,13,13.32,2510,0
375,13,88.24,2511,0
428,60,144.5,2512,0
305,57,498.41,2513,0
360,86,142.01,2514,0
459,92,157.81,2515,0
317,52,95.83,2516,0
451,53,426.32,2517,0
123,86,102.15,2518,0
390,43,196.79,2519,0
9,83,291.48,2520,0
262,72,265.72,2521,0
73,72,48.03,2522,0
359,42,8.19,2523,0
223,90,18.86,2524,0
416,26,6.1,2525,0
41,23,11.14,2526,0
370,43,20.41,2527,0
204,77,41.72,2528,0
264,28,78.43,2529,0
328,9,124.37,2530,0
178,20,23.69,2531,0
348,56,111.63,2532,0
318,83,121.83,2533,0
84,39,81.79,2534,0
318,51,233.94,2535,0
111,12,11.77,2536,0
251,79,19.49,2537,0
383,95,55.98,2538,0
7,55,13.55,2539,0
459,78,83.54,2540,0
84,11,50.82,2541,0
208,26,33.49,2542,0
388,42,18.63,2543,0
390,27,40.85,2544,0
314,11,93.64,2545,0
22,38,85.75,2546,0
410,98,17.87,2547,0
383,43,13.34,2548,0
3,19,2.7,2549,0
127,64,1.25,2550,0
297,6,211.87,2551,0
188,46,4.61,2552,0
362,42,131.39,2553,0
14,92,205.56,2554,0
459,65,10.32,2555,0
466,99,57.32,2556,0
12,72,327.82,2557,0
87,59,179.66,2558,0
12,52,67.28,2559,0
397,47,143.79,2560,0
25,7,179.2,2561,0
301,11,42.78,2562,0
243,61,222.7,2563,0
122,68,63.58,2564,0
147,25,75.04,2565,0
55,12,813.75,2566,0
238,26,185.34,2567,0
356,12,44.91,2568,0
173,43,1.04,2569,0
392,51,98.4,2570,0
221,37,121.71,2571,0
119,46,105.21,2572,0
309,53,343.77,2573,0
183,88,198.76,2574,0
288,80,59.57,2575,0
307,13,6.49,2576,0
300,89,64.64,2577,0
82,54,116.87,2578,0
454,57,93.58,2579,0
402,4,77.25,2580,1
211,75,63.27,2581,0
150,96,34.78,2582,0
37,49,32.48,2583,0
352,7,69.36,2584,0
312,11,17.51,2585,0
361,92,41.66,2586,0
59,54,39.15,2587,0
131,87,88.46,2588,0
412,45,6.9,2589,0
202,23,177.0,2590,0
243,28,82.64,2591,0
35,57,111.12,2592,0
445,26,121.43,2593,0
93,25,34.46,2594,0
438,54,63.56,2595,0
447,29,312.92,2596,0
207,83,145.55,2597,0
353,97,349.19,2598,0
391,36,137.14,2599,0
332,14,19.31,2600,0
305,78,6.67,2601,0
350,35,86.19,2602,0
213,30,44.29,2603,0
159,92,32.22,2604,0
442,17,164.62,2605,0
445,67,45.73,2606,0
24,80,38.13,2607,0
404,30,189.7,2608,0
293,93,187.27,2609,0
4,45,44.06,2610,0
220,79,178.68,2611,0
364,89,190.23,2612,0
382,51,55.15,2613,0
20,47,6.88,2614,0
444,53,0.16,2615,0
152,64,74.09,2616,0
50,38,42.17,2617,0
177,64,585.41,2618,0
435,87,148.02,2619,0
96,89,143.24,2620,0
105,7,310.65,2621,0
420,22,218.68,2622,0
250,81,38.3,2623,0
117,82,18.15,2624,0
354,41,137.0,2625,0
228,74,47.53,2626,0
66,10,64.09,2627,0
335,57,99.53,2628,0
418,7,238.46,2629,0
420,50,54.32,2630,0
262,91,152.93,2631,0
295,52,31.24,2632,0
426,33,119.72,2633,0
243,1,0.16,2634,0
371,53,205.19,2635,0
186,60,3.09,2636,0
246,34,124.74,2637,0
125,4,4.74,2638,0
268,17,30.96,2639,0
131,4,68.76,2640,0
237,43,54.46,2641,0
18,90,21.3,2642,0
40,4,40.62,2643,0
21,1,130.09,2644,0
399,71,110.64,2645,0
225,94,7.45,2646,0
355,50,137.56,2647,0
282,73,5.45,2648,0
8,61,78.29,2649,0
100,35,30.12,2650,0
240,8,88.6,2651,0
478,24,30.29,2652,0
87,83,419.69,2653,0
298,36,37.07,2654,0
428,50,27.7,2655,0
14,43,32.64,2656,0
334,27,226.79,2657,0
2,32,101.12,2658,0
375,78,131.19,2659,0
293,18,250.12,2660,0
325,28,242.9,2661,0
422,29,134.3,2662,0
493,16,22.04,2663,0
41,99,185.39,2664,0
318,47,22.79,2665,0
316,59,135.83,2666,0
381,31,115.71,2667,0
111,4,142.25,2668,0
14,37,76.08,2669,0
231,17,101.81,2670,0
473,39,306.44,2671,0
84,48,10.66,2672,0
130,46,36.94,2673,1
231,90,94.51,2674,0
326,48,332.57,2675,0
145,39,10.05,2676,0
379,4,2.28,2677,0
345,30,5.74,2678,0
28,30,5.38,2679,0
66,22,238.4,2680,0
163,75,127.75,2681,0
229,66,113.04,2682,0
261,12,73.93,2683,0
449,94,152.3,2684,0
424,36,16.92,2685,0
460,18,49.75,2686,0
440,90,67.34,2687,0
164,53,11.7,2688,0
301,71,54.39,2689,0
407,1,38.05,2690,0
303,58,3.62,2691,0
287,90,14.7,2692,0
395,87,144.41,2693,0
10,90,1.82,2694,0
195,6,272.19,2695,0
118,70,9.04,2696,0
270,44,160.56,2697,0
80,72,228.88,2698,0
458,24,283.25,2699,0
93,86,202.1,2700,0
266,19,33.9,2701,0
332,18,40.51,2702,0
350,95,55.61,2703,0
361,30,15.0,2704,0
257,42,2.25,2705,0
133,33,203.35,2706,0
276,74,80.77,2707,0
264,12,93.83,2708,0
171,94,261.71,2709,0
460,27,109.4,2710,0
1,39,117.39,2711,0
313,9,154.63,2712,0
64,21,12.37,2713,0
374,76,44.65,2714,0
468,29,344.85,2715,0
284,33,256.3,2716,0
121,62,215.48,2717,0
107,15,60.16,2718,0
421,2,194.63,2719,0
175,52,4.96,2720,0
485,44,16.08,2721,0
204,54,53.44,2722,0
165,18,66.05,2723,0
305,3,30.59,2724,0
497,7,44.08,2725,0
120,43,17.77,2726,0
44,82,67.16,2727,0
312,38,157.91,2728,0
156,37,108.28,2729,0
367,58,11.41,2730,0
207,33,66.86,2731,0
390,59,119.62,2732,0
108,95,75.48,2733,0
251,11,49.7,2734,0
445,68,97.26,2735,0
404,82,346.22,2736,0
370,68,9.97,2737,0
334,98,49.43,2738,0
130,93,52.19,2739,0
457,88,86.03,2740,0
293,22,16.51,2741,0
20,66,19.44,2742,0
282,44,33.6,2743,0
285,6,312.06,2744,0
1,42,132.47,2745,0
119,25,108.38,2746,0
35,57,169.8,2747,0
198,85,13.65,2748,0
485,55,196.14,2749,0
245,16,90.35,2750,0
59,95,40.85,2751,0
325,14,169.2,2752,0
161,39,162.23,2753,0
497,28,186.89,2754,0
179,96,12.28,2755,0
206,92,348.55,2756,0
12,51,320.96,2757,0
490,49,44.23,2758,0
276,9,6.82,2759,0
181,58,18.28,2760,0
242,45,493.8,2761,1
216,22,82.79,2762,0
251,32,44.1,2763,0
299,69,34.0,2764,0
126,87,29.7,2765,0
482,69,109.11,2766,0
217,42,54.37,2767,0
306,53,336.42,2768,0
285,96,115.15,2769,0
185,59,157.04,2770,1
39,74,34.64,2771,0
223,39,8.25,2772,0
184,15,66.91,2773,0
495,71,37.77,2774,0
427,29,22.58,2775,0
178,3,305.0,2776,0
407,83,58.7,2777,0
428,10,19.2,2778,0
294,92,22.15,2779,0
340,29,32.95,2780,1
151,79,728.79,2781,0
384,35,31.2,2782,0
126,6,39.87,2783,0
301,12,107.68,2784,0
308,38,34.81,2785,1
336,77,24.31,2786,0
434,93,17.27,2787,0
234,19,37.5,2788,0
380,67,11.2,2789,0
375,8,1.88,2790,0
8,8,163.29,2791,0
498,84,14.84,2792,0
341,47,149.6,2793,0
129,4,159.72,2794,0
264,51,77.2,2795,0
157,85,37.06,2796,0
352,67,15.67,2797,0
358,45,133.49,2798,0
5,8,91.98,2799,0
495,87,106.55,2800,0
86,16,0.87,2801,0
175,77,262.44,2802,0
290,67,6.86,2803,0
193,9,45.7,2804,0
311,60,51.54,2805,0
119,78,0.14,2806,0
218,77,68.73,2807,0
427,71,139.76,2808,0
458,15,173.31,2809,0
414,71,211.53,2810,0
114,98,66.89,2811,0
466,41,99.6,2812,0
145,22,8.29,2813,0
26,24,66.95,2814,0
136,44,16.82,2815,0
303,1,46.15,2816,0
232,10,39.94,2817,0
369,80,55.09,2818,0
76,72,84.78,2819,0
475,56,233.18,2820,0
328,89,50.17,2821,0
345,50,397.02,2822,0
302,12,142.31,2823,0
452,89,71.64,2824,0
289,81,103.29,2825,0
1,60,10.78,2826,0
147,26,186.12,2827,0
287,78,87.31,2828,0
464,41,427.35,2829,0
142,36,101.18,2830,0
53,23,179.64,2831,0
304,43,160.83,2832,0
69,6,42.38,2833,0
361,69,30.06,2834,0
90,43,56.3,2835,0
446,25,62.97,2836,0
220,18,27.45,2837,0
450,62,225.0,2838,0
498,13,78.21,2839,0
192,43,383.71,2840,0
454,78,166.08,2841,0
63,28,81.13,2842,0
73,18,293.82,2843,0
161,59,70.29,2844,0
169,60,218.13,2845,0
89,63,44.34,2846,0
176,57,47.58,2847,0
269,92,54.15,2848,0
73,51,79.1,2849,0
245,56,80.63,2850,0
77,27,68.6,2851,0
159,32,36.53,2852,0
489,9,262.01,2853,0
459,96,88.82,2854,0
324,84,52.38,2855,0
98,92,105.32,2856,0
381,97,146.09,2857,0
102,68,323.72,2858,0
494,46,69.22,2859,0
132,98,11.89,2860,0
102,67,58.12,2861,0
19,26,65.19,2862,0
454,8,227.3,2863,0
482,6,50.22,2864,0
82,80,306.45,2865,0
397,24,66.38,2866,0
489,48,364.13,2867,0
279,94,0.82,2868,0
339,45,229.08,2869,0
365,13,267.54,2870,0
331,69,324.47,2871,0
129,25,1.32,2872,0
344,20,18.84,2873,0
310,82,106.06,2874,0
455,82,2.58,2875,0
89,66,6.57,2876,0
213,74,24.98,2877,0
143,45,71.83,2878,0
65,47,78.94,2879,0
76,63,3.49,2880,0
199,76,18.68,2881,0
143,77,69.26,2882,0
405,55,90.13,2883,0
403,75,16.06,2884,0
316,19,50.89,2885,0
93,35,234.76,2886,0
473,53,681.18,2887,0
417,26,435.94,2888,0
305,14,213.43,2889,0
224,45,50.2,2890,0
497,44,116.02,2891,0
291,88,53.89,2892,0
428,65,104.56,2893,0
102,51,37.02,2894,0
474,43,93.19,2895,0
267,86,74.18,2896,0
355,23,2.48,2897,0
456,56,156.4,2898,0
110,19,1.2,2899,0
462,82,34.69,2900,0
330,76,0.59,2901,0
450,55,47.19,2902,0
430,92,6.52,2903,0
265,92,244.77,2904,0
3,60,53.73,2905,0
85,59,61.53,2906,0
282,33,43.06,2907,0
328,19,98.75,2908,0
304,28,153.44,2909,0
450,52,104.45,2910,0
454,49,137.91,2911,0
412,37,236.42,2912,0
117,26,199.18,2913,0
221,99,112.1,2914,0
154,98,24.16,2915,0
153,99,101.53,2916,0
12,40,70.54,2917,0
133,80,126.31,2918,0
482,38,178.94,2919,0
304,77,135.76,2920,0
293,87,187.45,2921,0
463,54,6.6,2922,0
300,22,3.21,2923,0
228,16,29.91,2924,0
271,28,230.93,2925,0
43,35,173.53,2926,0
432,60,114.8,2927,0
343,45,120.65,2928,0
326,46,129.71,2929,0
302,72,285.78,2930,0
498,55,178.49,2931,0
364,86,97.65,2932,0
379,85,109.58,2933,0
427,26,24.05,2934,0
493,85,107.1,2935,0
21,25,55.28,2936,0
407,65,16.6,2937,0
107,6,164.2,2938,0
336,23,71.39,2939,0
303,64,379.09,2940,0
117,87,33.08,2941,0
124,43,65.52,2942,0
399,23,59.42,2943,0
281,96,12.87,2944,0
292,30,55.53,2945,0
203,77,33.91,2946,0
51,18,17.47,2947,0
271,87,33.15,2948,0
324,79,26.56,2949,0
277,97,132.45,2950,0
141,21,3.13,2951,0
470,57,96.09,2952,1
275,23,142.99,2953,0
290,91,65.53,2954,0
334,45,268.19,2955,0
381,44,123.06,2956,0
452,82,137.8,2957,0
496,88,21.93,2958,0
373,47,150.19,2959,0
52,40,178.44,2960,0
494,51,44.83,2961,0
27,42,24.0,2962,0
157,7,48.62,2963,0
239,50,134.56,2964,0
156,48,54.07,2965,0
291,84,133.43,2966,0
136,91,12.05,2967,0
144,6,164.0,2968,0
106,91,29.2,2969,0
420,9,28.63,2970,0
158,57,89.25,2971,0
146,31,7.27,2972,0
2,21,2.66,2973,0
433,90,30.25,2974,0
77,40,77.23,2975,0
132,45,238.18,2976,0
90,77,187.36,2977,0
345,49,67.42,2978,0
350,87,3.78,2979,0
459,20,76.63,2980,0
263,92,122.01,2981,0
351,17,41.43,2982,0
108,28,11.77,2983,1
74,41,32.65,2984,0
39,66,147.66,2985,0
397,25,43.27,2986,0
159,58,167.12,2987,0
71,41,38.5,2988,0
447,6,17.86,2989,1
312,75,57.24,2990,0
241,38,60.2,2991,0
426,6,1.62,2992,0
445,45,12.45,2993,0
298,75,20.45,2994,0
440,14,12.06,2995,0
36,66,41.78,2996,0
84,40,334.17,2997,0
452,3,71.18,2998,0
374,99,98.77,2999,0
263,97,44.07,3000,0
310,24,39.08,3001,0
385,19,2.34,3002,0
172,18,69.38,3003,0
376,64,66.09,3004,0
173,88,17.18,3005,0
362,35,144.53,3006,0
47,62,67.86,3007,0
379,1,41.4,3008,0
141,25,15.89,3009,1
375,45,80.33,3010,0
406,49,139.76,3011,0
118,98,33.13,3012,0
277,89,24.69,3013,0
214,16,73.8,3014,0
220,98,16.88,3015,0
393,93,109.85,3016,0
26,19,92.97,3017,0
9,23,9.11,3018,0
271,83,3.72,3019,0
10,25,96.83,3020,0
472,16,34.86,3021,0
378,54,9.04,3022,0
121,73,142.47,3023,0
125,1,37.69,3024,0
170,42,61.54,3025,0
72,19,27.03,3026,0
152,97,98.7,3027,0
208,34,35.88,3028,0
49,80,344.27,3029,0
154,55,121.38,3030,0
347,18,14.7,3031,0
293,34,53.9,3032,0
68,89,48.68,3033,0
50,45,76.41,3034,0
152,6,184.47,3035,0
19,21,87.57,3036,0
100,70,6.35,3037,0
60,96,106.54,3038,0
167,48,0.83,3039,0
202,39,151.39,3040,0
345,31,109.85,3041,0
146,10,36.93,3042,0
403,30,34.59,3043,0
164,18,160.08,3044,0
458,60,152.94,3045,0
481,88,43.43,3046,0
439,73,35.52,3047,0
242,95,82.06,3048,0
69,15,0.84,3049,0
175,4,8.63,3050,0
49,63,13.49,3051,0
483,40,20.51,3052,0
108,9,71.75,3053,0
226,9,485.9,3054,0
161,26,105.73,3055,0
119,4,6.33,3056,0
149,81,74.57,3057,0
465,16,68.65,3058,0
150,15,15.57,3059,0
432,99,252.91,3060,0
293,52,58.12,3061,0
143,69,521.38,3062,0
419,5,54.49,3063,0
476,20,93.64,3064,0
455,79,11.07,3065,0
160,18,60.56,3066,0
11,2,27.28,3067,0
138,93,180.52,3068,0
457,13,153.21,3069,0
78,4,173.83,3070,0
77,42,128.59,3071,0
441,74,178.79,3072,0
254,61,22.42,3073,0
409,95,60.16,3074,0
258,8,117.72,3075,0
320,67,101.44,3076,0
291,63,126.0,3077,0
263,9,25.39,3078,0
85,94,10.36,3079,0
146,11,248.66,3080,0
323,99,82.14,3081,0
42,42,16.7,3082,0
374,13,157.71,3083,0
125,36,246.43,3084,0
167,13,18.58,3085,0
425,12,170.05,3086,0
241,37,270.64,3087,0
459,74,278.65,3088,0
487,73,245.52,3089,0
280,52,79.06,3090,0
188,71,44.04,3091,0
302,2,0.73,3092,0
19,56,6.28,3093,0
68,60,56.01,3094,0
218,23,50.97,3095,0
102,40,20.42,3096,0
42,64,50.33,3097,0
288,85,19.19,3098,0
167,23,188.91,3099,0
109,29,35.41,3100,0
494,78,91.27,3101,0
36,90,69.88,3102,0
232,51,5.33,3103,0
229,69,285.14,3104,0
353,95,74.91,3105,0
164,89,39.31,3106,0
387,31,17.21,3107,0
73,50,41.33,3108,0
136,20,2.07,3109,0
353,55,45.19,3110,0
379,81,75.82,3111,0
70,2,205.47,3112,0
425,25,116.27,3113,0
487,13,11.83,3114,0
196,92,15.99,3115,0
269,70,55.88,3116,0
49,67,21.78,3117,0
316,58,2.82,3118,0
130,99,163.48,3119,0
444,82,1.97,3120,0
5,75,177.6,3121,0
428,84,15.56,3122,0
27,64,367.61,3123,0
160,69,92.6,3124,0
149,83,132.8,3125,0
264,86,11.71,3126,0
230,59,198.13,3127,0
200,60,182.75,3128,0
50,83,105.84,3129,0
67,62,69.77,3130,0
300,16,127.83,3131,0
381,88,0.59,3132,0
58,68,89.76,3133,0
259,15,188.0,3134,0
342,89,44.15,3135,0
326,55,11.46,3136,0
130,35,54.62,3137,0
215,55,129.87,3138,0
172,14,11.35,3139,0
258,49,23.07,3140,0
102,83,15.96,3141,0
209,7,159.43,3142,0
291,30,6.5,3143,0
354,83,116.02,3144,0
471,49,45.64,3145,0
286,89,140.97,3146,0
116,16,333.49,3147,0
264,51,12.17,3148,0
150,72,37.74,3149,0
300,82,166.14,3150,0
442,92,30.95,3151,0
36,80,24.22,3152,0
453,83,174.51,3153,0
333,42,434.92,3154,0
477,17,81.39,3155,0
287,63,32.58,3156,0
303,45,50.84,3157,0
311,77,18.65,3158,0
208,7,143.5,3159,0
106,27,148.49,3160,0
446,10,208.04,3161,0
158,34,2.7,3162,0
121,36,82.55,3163,0
55,25,24.11,3164,0
400,6,41.69,3165,0
12,24,153.69,3166,0
145,18,21.32,3167,0
400,87,101.71,3168,0
396,6,106.3,3169,0
136,29,308.12,3170,0
468,25,149.24,3171,0
3,55,162.78,3172,0
144,81,75.84,3173,0
30,46,20.68,3174,0
237,24,55.44,3175,0
279,75,79.74,3176,0
348,26,113.45,3177,0
115,98,93.58,3178,0
104,28,50.08,3179,0
118,3,30.83,3180,0
5,75,18.42,3181,0
468,38,118.37,3182,0
360,61,103.68,3183,0
248,78,116.27,3184,0
364,51,46.61,3185,0
321,90,30.44,3186,0
121,48,142.6,3187,0
286,21,148.57,3188,0
149,54,60.81,3189,0
84,56,94.65,3190,0
454,94,46.76,3191,0
406,59,121.05,3192,0
466,72,180.62,3193,0
456,51,116.55,3194,0
231,20,71.86,3195,0
288,96,61.37,3196,0
161,86,102.81,3197,0
272,59,113.88,3198,0
460,71,81.81,3199,0
38,9,98.07,3200,0
226,1,10.16,3201,0
142,29,303.17,3202,0
292,63,156.43,3203,0
481,72,46.83,3204,0
151,56,82.74,3205,0
114,68,4.85,3206,0
237,35,4.21,3207,0
66,3,28.87,3208,1
361,7,117.02,3209,0
341,27,191.15,3210,0
258,1,81.91,3211,0
475,91,75.96,3212,0
249,80,51.47,3213,0
457,71,17.63,3214,0
449,44,12.6,3215,0
331,87,143.0,3216,0
323,41,262.42,3217,0
180,75,61.3,3218,0
190,42,107.72,3219,0
407,33,245.87,3220,0
154,50,9.44,3221,0
196,63,147.18,3222,0
466,37,95.92,3223,0
311,59,91.29,3224,0
262,81,34.61,3225,0
419,99,115.17,3226,0
406,48,158.38,3227,0
427,5,11.98,3228,0
143,48,76.25,3229,0
342,96,10.68,3230,0
316,3,206.02,3231,0
101,47,70.85,3232,0
244,62,165.01,3233,0
490,99,45.9,3234,0
12,14,13.36,3235,0
239,63,4.24,3236,0
49,61,33.06,3237,0
42,31,28.0,3238,0
166,95,82.18,3239,0
82,17,2.2,3240,0
429,24,73.52,3241,0
291,23,49.72,3242,0
158,82,86.07,3243,0
216,50,121.21,3244,0
490,78,100.54,3245,0
158,79,417.63,3246,0
462,79,14.88,3247,0
134,70,56.17,3248,0
67,27,55.31,3249,0
336,15,53.97,3250,0
7,50,109.0,3251,0
436,36,67.3,3252,0
14,8,72.86,3253,0
73,79,56.63,3254,0
399,3,479.14,3255,0
405,62,262.5,3256,0
163,47,36.78,3257,0
66,77,11.83,3258,0
347,98,183.11,3259,0
130,88,586.76,3260,0
419,96,34.62,3261,0
466,61,44.28,3262,0
206,32,284.1,3263,0
276,94,124.18,3264,0
466,13,35.05,3265,0
256,1,87.0,3266,0
266,34,288.65,3267,0
25,62,167.03,3268,0
450,79,135.41,3269,0
281,78,133.56,3270,0
253,93,19.6,3271,0
310,98,174.11,3272,0
289,82,32.31,3273,0
164,71,266.45,3274,0
95,93,45.36,3275,0
270,31,194.95,3276,0
321,64,30.96,3277,0
110,25,72.26,3278,0
336,38,11.3,3279,0
310,14,107.92,3280,0
238,8,180.84,3281,0
381,91,126.74,3282,0
436,54,74.08,3283,0
387,2,4.62,3284,0
483,81,270.97,3285,0
425,78,122.24,3286,0
390,89,136.99,3287,0
25,56,158.32,3288,0
141,94,137.73,3289,0
117,93,58.18,3290,0
482,84,132.28,3291,0
392,85,98.09,3292,0
405,61,192.43,3293,0
482,22,162.18,3294,0
452,35,4.23,3295,0
25,16,47.62,3296,0
79,50,3.53,3297,0
68,43,10.77,3298,0
173,17,91.98,3299,0
444,80,207.01,3300,0
12,58,12.76,3301,0
288,2,59.98,3302,0
128,4,241.78,3303,1
96,85,168.36,3304,0
92,39,73.33,3305,0
141,98,147.65,3306,0
31,94,73.96,3307,0
334,6,17.21,3308,0
20,81,13.32,3309,0
146,89,20.87,3310,0
477,69,43.22,3311,0
316,69,266.68,3312,0
447,20,160.78,3313,0
390,64,56.7,3314,0
160,16,67.94,3315,0
349,51,30.87,3316,0
43,37,121.86,3317,0
254,73,162.34,3318,0
130,69,27.3,3319,0
60,42,4.27,3320,0
151,57,97.79,3321,0
467,66,82.67,3322,0
287,9,51.44,3323,0
499,86,103.25,3324,0
5,64,79.99,3325,0
467,86,28.85,3326,0
418,22,50.7,3327,0
266,34,55.88,3328,0
345,55,212.23,3329,0
130,29,324.17,3330,0
382,38,223.49,3331,0
267,97,127.0,3332,0
178,18,87.95,3333,0
253,71,116.88,3334,0
415,65,279.87,3335,0
56,97,28.77,3336,0
463,1,76.6,3337,0
457,88,116.99,3338,0
471,4,113.71,3339,0
83,4,29.07,3340,0
393,82,88.37,3341,0
99,27,158.92,3342,0
149,43,64.45,3343,0
329,59,157.65,3344,0
156,32,44.61,3345,0
190,33,279.3,3346,0
494,28,76.34,3347,0
371,55,90.62,3348,0
263,60,3.19,3349,0
80,70,18.67,3350,0
400,62,100.22,3351,0
252,80,54.45,3352,0
97,34,70.96,3353,0
260,87,6.5,3354,0
260,88,179.66,3355,0
103,56,153.48,3356,0
40,13,20.5,3357,0
273,56,100.6,3358,0
101,18,170.55,3359,0
359,54,102.4,3360,0
380,77,37.16,3361,0
308,43,106.74,3362,0
221,39,23.63,3363,0
308,61,38.31,3364,0
420,42,27.45,3365,0
124,81,81.4,3366,0
422,79,11.45,3367,0
231,18,270.77,3368,0
178,23,40.57,3369,0
63,54,24.71,3370,0
485,30,68.63,3371,0
116,98,32.43,3372,0
191,58,76.55,3373,0
62,68,42.85,3374,0
256,67,14.16,3375,0
483,71,30.91,3376,0
7,18,57.7,3377,0
155,7,3.08,3378,0
92,40,147.25,3379,0
470,70,97.24,3380,0
14,86,91.97,3381,0
455,65,78.98,3382,0
229,68,89.24,3383,0
86,49,272.8,3384,0
133,52,0.86,3385,0
183,29,4.9,3386,0
386,21,21.26,3387,0
62,90,18.31,3388,0
219,78,19.99,3389,0
405,9,111.46,3390,0
246,47,61.52,3391,0
230,76,480.1,3392,0
79,42,25.73,3393,0
149,51,37.23,3394,0
138,56,415.03,3395,0
471,51,178.24,3396,0
314,70,63.45,3397,0
376,20,80.88,3398,0
423,88,185.26,3399,0
389,27,65.58,3400,0
65,38,23.07,3401,0
13,72,176.28,3402,0
213,65,77.17,3403,0
474,54,16.61,3404,0
242,24,70.44,3405,0
493,47,53.31,3406,1
213,71,209.43,3407,0
181,83,13.47,3408,0
338,86,208.11,3409,1
485,63,71.79,3410,0
173,57,51.81,3411,0
160,55,17.67,3412,0
164,60,120.67,3413,0
465,99,261.47,3414,0
483,62,47.06,3415,0
497,30,27.65,3416,0
188,93,80.94,3417,0
395,22,159.05,3418,0
191,75,0.38,3419,0
405,84,99.8,3420,0
308,29,90.76,3421,0
256,41,38.29,3422,0
183,42,60.04,3423,0
117,98,28.36,3424,0
282,65,156.01,3425,0
196,31,100.66,3426,0
34,30,76.08,3427,1
52,18,49.84,3428,0
112,17,34.44,3429,0
252,38,173.01,3430,0
82,14,60.04,3431,0
232,87,69.6,3432,0
227,89,73.57,3433,0
233,79,59.49,3434,0
221,56,29.58,3435,0
436,22,12.82,3436,0
413,67,10.37,3437,0
422,56,141.66,3438,0
42,19,25.3,3439,0
21,57,5.73,3440,1
42,44,159.71,3441,0
397,98,16.73,3442,0
113,35,98.12,3443,0
105,1,41.35,3444,0
192,52,13.52,3445,0
17,85,53.53,3446,0
120,93,1.49,3447,0
393,70,183.91,3448,1
425,37,72.05,3449,0
129,65,14.98,3450,0
130,51,27.05,3451,0
60,1,59.42,3452,0
48,91,20.93,3453,0
29,21,31.28,3454,0
97,53,76.44,3455,0
10,16,178.74,3456,0
242,61,51.39,3457,0
314,54,126.22,3458,0
444,40,209.3,3459,0
232,26,24.37,3460,0
277,80,164.61,3461,0
284,92,141.64,3462,0
203,65,44.15,3463,0
247,74,455.83,3464,0
290,64,30.46,3465,0
264,43,29.41,3466,0
443,17,147.95,3467,0
214,59,57.03,3468,0
200,23,40.17,3469,0
433,7,19.68,3470,0
79,44,144.96,3471,0
401,53,154.33,3472,0
444,71,83.6,3473,0
343,79,315.39,3474,0
344,34,38.3,3475,0
173,46,24.8,3476,0
467,68,113.15,3477,0
69,78,142.05,3478,0
416,78,25.48,3479,0
428,16,7.97,3480,0
449,71,166.35,3481,0
87,96,375.08,3482,0
101,19,103.47,3483,0
8,2,32.55,3484,0
333,10,570.56,3485,0
200,50,223.74,3486,0
87,81,72.03,3487,0
43,12,174.48,3488,0
385,70,169.18,3489,0
109,22,273.03,3490,0
435,32,183.84,3491,0
408,84,103.19,3492,0
483,1,93.98,3493,0
152,54,62.99,3494,0
17,58,98.48,3495,0
133,70,158.58,3496,0
148,83,347.5,3497,0
277,18,62.98,3498,0
232,6,85.25,3499,0
314,45,58.84,3500,0
415,97,110.41,3501,0
366,23,99.4,3502,0
228,23,1.8,3503,0
139,26,77.91,3504,0
436,77,9.26,3505,0
399,7,2.67,3506,0
211,79,156.64,3507,0
391,44,29.93,3508,0
499,27,41.65,3509,0
28,26,6.62,3510,0
51,97,19.78,3511,0
491,79,145.07,3512,0
442,36,68.03,3513,0
261,55,212.58,3514,0
261,64,50.62,3515,0
350,91,31.29,3516,0
352,57,42.71,3517,0
8,69,124.75,3518,0
320,61,80.97,3519,0
138,2,234.54,3520,0
38,55,92.17,3521,0
111,97,67.93,3522,0
480,80,154.06,3523,0
368,87,294.76,3524,0
220,38,43.98,3525,0
337,80,28.75,3526,0
223,78,95.77,3527,0
136,29,69.09,3528,0
256,26,452.69,3529,0
360,35,62.06,3530,0
409,79,7.72,3531,0
329,67,378.84,3532,0
450,87,185.53,3533,0
463,29,19.63,3534,0
434,34,234.97,3535,0
451,97,41.65,3536,0
49,41,47.34,3537,0
292,41,236.86,3538,0
382,23,75.53,3539,0
324,71,14.82,3540,0
78,3,46.05,3541,0
105,58,128.05,3542,0
169,32,19.14,3543,0
217,31,89.22,3544,0
378,82,118.83,3545,0
119,43,42.14,3546,0
190,7,118.38,3547,0
255,1,215.6,3548,0
370,61,63.89,3549,0
266,14,48.27,3550,0
149,52,28.92,3551,0
164,96,92.69,3552,0
140,6,211.9,3553,0
347,10,39.25,3554,0
488,71,50.46,3555,0
258,90,52.19,3556,0
374,98,82.28,3557,0
269,30,25.93,3558,0
181,21,172.72,3559,0
160,60,35.04,3560,0
351,81,122.2,3561,0
400,97,71.99,3562,0
288,74,88.16,3563,0
288,63,19.8,3564,0
380,42,132.81,3565,0
226,51,20.9,3566,0
11,64,12.04,3567,0
10,76,79.12,3568,0
271,56,123.55,3569,0
273,80,5.13,3570,0
424,41,7.19,3571,0
402,32,162.29,3572,0
183,15,165.57,3573,0
457,62,28.14,3574,0
153,27,95.51,3575,0
488,28,58.55,3576,0
315,81,100.16,3577,0
334,64,198.69,3578,0
124,59,8.32,3579,0
473,58,150.5,3580,0
114,2,67.93,3581,0
278,36,83.04,3582,0
414,71,106.11,3583,0
468,13,255.91,3584,0
213,15,5.84,3585,0
172,89,2.99,3586,0
288,87,19.63,3587,0
435,60,430.12,3588,0
174,22,125.55,3589,0
113,63,95.36,3590,0
376,90,4.82,3591,0
405,97,211.29,3592,0
483,75,167.53,3593,0
122,74,109.3,3594,0
32,25,41.42,3595,0
222,48,7.31,3596,0
119,43,86.76,3597,0
39,38,127.19,3598,0
497,41,9.9,3599,0
268,45,100.45,3600,0
233,88,33.74,3601,0
431,40,144.5,3602,0
18,97,77.57,3603,0
149,17,13.82,3604,0
397,88,74.76,3605,0
149,57,50.37,3606,0
126,2,19.89,3607,0
392,96,184.21,3608,0
302,62,1.11,3609,0
360,88,37.42,3610,0
238,9,1.27,3611,0
135,68,10.09,3612,0
151,81,35.25,3613,0
236,17,5.58,3614,0
224,50,90.79,3615,0
203,94,9.09,3616,0
256,40,120.97,3617,0
86,58,5.41,3618,0
150,75,6.11,3619,0
235,85,36.43,3620,0
345,21,226.89,3621,0
22,18,102.55,3622,0
348,55,147.02,3623,0
285,29,15.26,3624,0
269,24,179.65,3625,0
466,74,0.82,3626,0
258,17,23.96,3627,0
29,18,95.74,3628,0
213,42,47.04,3629,0
463,84,414.73,3630,0
436,45,3.08,3631,0
283,82,657.0,3632,0
50,17,97.72,3633,0
95,73,81.8,3634,0
463,14,6.14,3635,0
499,49,31.93,3636,0
407,29,258.58,3637,0
88,95,43.73,3638,0
44,4,108.37,3639,0
461,82,759.36,3640,0
278,20,30.53,3641,0
171,47,85.82,3642,0
421,9,119.22,3643,0
189,77,17.99,3644,0
353,79,16.1,3645,0
184,27,60.94,3646,1
3,15,48.75,3647,0
191,92,125.25,3648,0
118,19,7.2,3649,0
19,90,358.15,3650,0
23,52,1.44,3651,0
413,26,91.96,3652,0
30,89,82.7,3653,0
295,26,14.47,3654,0
108,26,16.36,3655,0
367,46,157.35,3656,0
281,92,218.54,3657,0
128,49,33.27,3658,0
229,82,57.62,3659,0
111,96,43.85,3660,0
136,53,7.53,3661,0
362,3,111.84,3662,0
186,66,174.41,3663,0
144,97,36.37,3664,0
72,42,462.29,3665,0
129,19,7.89,3666,0
364,17,108.41,3667,0
261,33,59.46,3668,0
3,76,59.17,3669,0
449,49,61.18,3670,0
388,56,29.93,3671,0
104,63,125.72,3672,0
483,3,127.86,3673,0
224,49,33.18,3674,0
320,55,180.37,3675,0
362,26,38.1,3676,0
354,99,129.13,3677,0
491,72,12.9,3678,0
473,52,18.48,3679,0
10,7,37.95,3680,0
405,46,90.11,3681,0
384,46,103.71,3682,0
302,16,50.48,3683,0
231,24,8.1,3684,0
219,61,46.78,3685,0
411,54,116.72,3686,0
66,62,111.17,3687,0
425,1,17.46,3688,1
112,49,0.78,3689,0
13,25,139.83,3690,0
393,10,11.25,3691,0
420,80,8.59,3692,0
86,16,0.27,3693,0
234,58,56.67,3694,0
90,72,69.97,3695,0
314,29,101.52,3696,0
54,92,35.11,3697,0
12,6,123.93,3698,0
209,16,18.55,3699,0
462,20,178.37,3700,0
14,80,84.83,3701,1
121,71,87.68,3702,0
418,78,23.54,3703,0
437,43,7.7,3704,0
377,26,62.5,3705,0
20,90,95.61,3706,0
75,78,9.99,3707,0
400,71,300.65,3708,0
243,33,393.3,3709,0
223,26,78.85,3710,0
70,45,299.71,3711,0
312,84,19.78,3712,0
211,63,2.57,3713,0
101,67,4.02,3714,0
186,52,88.55,3715,0
132,68,6.36,3716,0
111,26,318.32,3717,0
381,75,15.31,3718,0
132,2,36.34,3719,0
20,14,172.89,3720,0
394,30,24.68,3721,0
24,49,27.84,3722,0
227,12,102.81,3723,0
154,90,32.31,3724,0
293,44,24.52,3725,0
230,33,29.33,3726,0
469,13,67.46,3727,0
310,78,338.43,3728,0
488,88,178.52,3729,0
359,98,33.49,3730,0
405,26,45.16,3731,0
202,21,62.46,3732,0
38,28,385.99,3733,0
430,48,18.92,3734,0
260,40,44.24,3735,0
188,66,130.72,3736,0
57,73,332.27,3737,0
429,87,16.92,3738,0
20,79,25.8,3739,0
273,77,25.58,3740,0
119,23,2.12,3741,0
71,81,92.66,3742,0
4,48,111.08,3743,0
221,2,92.26,3744,0
14,84,7.4,3745,0
3,20,7.17,3746,0
216,59,23.62,3747,0
229,46,34.29,3748,0
336,3,154.43,3749,0
186,55,17.36,3750,0
55,12,4.51,3751,0
388,40,50.09,3752,0
376,66,53.85,3753,0
254,78,59.95,3754,0
24,16,175.39,3755,0
162,83,10.31,3756,0
158,34,121.72,3757,0
82,44,41.24,3758,0
403,6,37.1,3759,0
159,77,269.63,3760,0
188,64,28.56,3761,0
60,22,102.87,3762,0
403,18,32.18,3763,0
305,12,70.75,3764,0
319,52,154.31,3765,0
366,94,213.47,3766,0
211,51,182.45,3767,0
406,71,87.27,3768,0
152,96,28.61,3769,0
109,48,108.24,3770,0
76,19,123.75,3771,0
30,6,1.07,3772,0
314,84,57.84,3773,0
486,27,185.32,3774,0
117,53,67.25,3775,0
415,48,37.31,3776,0
356,7,205.41,3777,0
192,59,16.95,3778,0
19,69,23.12,3779,0
432,11,116.27,3780,0
173,15,43.45,3781,0
228,64,124.83,3782,0
350,3,17.16,3783,0
183,69,29.07,3784,0
113,23,17.04,3785,0
183,53,305.57,3786,0
481,37,51.99,3787,0
146,9,41.13,3788,0
319,15,1.43,3789,0
116,3,16.65,3790,0
113,93,54.67,3791,0
251,70,7.1,3792,0
476,17,71.49,3793,0
251,26,60.7,3794,0
303,21,145.74,3795,0
459,72,107.82,3796,0
313,21,59.05,3797,0
118,11,25.45,3798,0
301,38,129.78,3799,0
161,72,123.05,3800,0
401,88,16.64,3801,0
198,35,246.22,3802,0
260,14,6.66,3803,0
148,14,5.66,3804,0
240,10,20.75,3805,0
47,12,240.2,3806,0
475,38,73.4,3807,0
399,34,155.09,3808,0
198,41,25.86,3809,0
47,10,67.38,3810,0
78,17,44.36,3811,0
124,17,175.93,3812,0
75,67,2.29,3813,0
359,62,27.95,3814,0
137,95,16.56,3815,0
90,1,196.03,3816,1
400,12,63.03,3817,0
325,4,51.79,3818,0
61,42,59.69,3819,0
138,13,357.29,3820,0
50,98,189.89,3821,0
259,85,122.54,3822,0
461,86,34.32,3823,0
107,4,18.05,3824,0
113,82,254.38,3825,0
350,69,55.0,3826,0
254,19,32.68,3827,0
118,2,63.66,3828,0
493,12,249.92,3829,0
198,81,48.95,3830,0
337,74,82.7,3831,0
365,98,162.44,3832,0
51,6,55.71,3833,0
245,8,26.6,3834,0
403,51,520.77,3835,0
426,11,313.66,3836,0
35,63,185.46,3837,0
302,57,116.6,3838,0
410,12,34.94,3839,0
499,73,244.66,3840,0
69,2,32.24,3841,0
349,8,161.35,3842,0
320,11,250.42,3843,0
421,53,92.38,3844,0
468,10,162.48,3845,0
49,85,156.88,3846,0
405,84,21.46,3847,0
74,8,110.24,3848,0
192,36,9.81,3849,0
261,93,70.9,3850,0
356,76,17.7,3851,0
70,14,53.85,3852,0
90,54,178.97,3853,0
260,85,435.58,3854,0
126,86,38.27,3855,0
231,21,75.92,3856,0
295,50,71.6,3857,0
498,94,308.79,3858,0
419,39,65.12,3859,0
129,20,120.1,3860,0
280,88,254.83,3861,0
313,87,46.74,3862,0
100,7,232.4,3863,0
326,9,249.44,3864,0
297,1,266.88,3865,0
182,26,31.53,3866,0
174,38,51.14,3867,0
316,38,204.33,3868,0
364,61,44.5,3869,0
188,44,91.69,3870,0
57,86,12.56,3871,0
31,44,5.79,3872,0
84,74,53.1,3873,0
152,62,86.49,3874,0
473,6,49.87,3875,0
36,17,86.21,3876,0
213,51,72.38,3877,0
414,38,115.74,3878,0
408,24,104.85,3879,0
364,51,55.21,3880,0
106,10,55.34,3881,0
414,72,15.17,3882,0
342,21,72.0,3883,0
220,70,88.47,3884,0
391,85,64.72,3885,0
163,57,39.41,3886,0
439,39,127.89,3887,0
220,88,7.76,3888,0
270,33,245.85,3889,0
120,59,2.09,3890,0
394,18,327.94,3891,0
336,56,62.06,3892,0
400,92,53.22,3893,0
182,57,29.63,3894,0
479,96,1.01,3895,0
106,76,32.13,3896,0
217,48,11.59,3897,0
205,42,107.83,3898,0
70,27,38.43,3899,0
44,74,145.75,3900,0
329,52,23.18,3901,0
301,42,230.49,3902,0
228,32,74.02,3903,0
184,26,12.16,3904,0
107,25,51.22,3905,0
84,75,23.16,3906,0
338,23,22.28,3907,0
250,98,70.6,3908,0
363,57,111.44,3909,0
441,52,242.61,3910,0
21,87,69.75,3911,0
196,93,337.67,3912,0
178,31,284.1,3913,0
417,64,200.29,3914,0
475,71,69.31,3915,0
7,33,15.19,3916,0
70,85,24.58,3917,0
127,2,104.32,3918,0
399,18,54.78,3919,0
466,47,15.88,3920,0
160,33,65.2,3921,0
248,98,1.76,3922,0
203,84,132.39,3923,0
148,35,7.64,3924,0
472,51,99.19,3925,0
143,18,157.51,3926,0
432,88,14.23,3927,0
199,72,73.11,3928,0
405,30,150.99,3929,0
426,44,30.2,3930,0
154,53,17.78,3931,0
492,10,41.07,3932,0
376,87,80.9,3933,0
384,52,85.63,3934,0
142,49,14.03,3935,0
313,11,61.17,3936,0
165,66,31.24,3937,0
314,58,184.53,3938,0
21,90,37.63,3939,0
82,36,182.45,3940,0
69,33,55.96,3941,0
131,47,129.68,3942,0
87,13,71.35,3943,0
218,40,97.28,3944,0
421,89,50.31,3945,0
472,68,146.19,3946,0
305,42,55.37,3947,0
403,19,61.15,3948,0
371,82,72.91,3949,0
345,94,178.27,3950,0
341,19,107.7,3951,0
384,58,42.95,3952,0
396,23,110.96,3953,0
445,54,102.84,3954,0
425,80,267.39,3955,0
161,65,184.15,3956,0
178,12,104.26,3957,0
117,24,41.78,3958,0
196,34,151.22,3959,0
383,53,85.62,3960,0
490,8,421.79,3961,0
327,18,28.44,3962,0
86,57,8.3,3963,0
289,5,7.25,3964,0
81,26,102.17,3965,0
152,30,280.12,3966,0
61,54,0.19,3967,0
61,13,129.38,3968,0
354,83,107.02,3969,0
28,29,131.79,3970,0
442,3,43.91,3971,0
43,90,171.76,3972,0
169,58,4.57,3973,0
423,76,140.83,3974,0
86,2,31.07,3975,0
177,75,64.79,3976,0
17,28,172.96,3977,0
98,82,31.66,3978,0
454,77,20.48,3979,0
494,86,114.35,3980,0
198,76,76.23,3981,0
98,2,72.24,3982,0
65,7,29.67,3983,0
330,26,3.55,3984,0
341,90,52.81,3985,0
5,88,11.27,3986,0
2,76,236.43,3987,0
22,16,4.21,3988,0
112,23,56.5,3989,0
57,40,5.37,3990,0
66,60,10.04,3991,0
330,73,107.55,3992,0
98,32,104.16,3993,1
144,15,3.36,3994,0
368,13,0.11,3995,0
435,5,8.21,3996,0
125,75,143.97,3997,0
167,74,87.85,3998,0
86,52,3.89,3999,0
76,77,66.96,4000,0
344,41,124.49,4001,0
495,53,203.22,4002,0
424,50,271.87,4003,0
294,15,39.67,4004,0
444,7,14.6,4005,0
59,40,27.04,4006,0
138,28,149.69,4007,0
99,32,355.73,4008,0
192,99,62.81,4009,0
243,15,36.44,4010,0
319,85,56.07,4011,0
49,70,36.36,4012,0
448,65,29.64,4013,0
32,4,90.08,4014,0
391,11,1.59,4015,0
277,26,30.05,4016,0
20,61,108.29,4017,1
154,37,3.26,4018,0
383,23,8.69,4019,0
68,93,34.73,4020,0
366,85,210.21,4021,0
372,91,144.77,4022,0
214,40,2.24,4023,0
143,77,69.66,4024,0
376,23,32.12,4025,0
232,16,104.6,4026,0
213,94,127.85,4027,0
79,61,198.68,4028,0
214,68,64.52,4029,0
116,80,519.4,4030,0
92,31,391.13,4031,0
270,53,213.85,4032,0
411,25,85.54,4033,0
381,44,50.75,4034,0
489,12,45.32,4035,0
168,90,1.22,4036,0
58,97,28.66,4037,0
284,92,126.87,4038,0
26,9,92.54,4039,0
369,12,248.2,4040,0
447,69,5.13,4041,0
66,54,16.87,4042,0
409,54,155.71,4043,0
248,28,44.4,4044,0
254,56,12.6,4045,0
387,99,564.09,4046,0
456,69,154.76,4047,0
44,98,52.55,4048,0
97,98,173.36,4049,0
42,77,114.13,4050,0
227,58,156.05,4051,0
262,78,168.85,4052,0
167,75,8.85,4053,0
436,42,97.54,4054,0
279,38,0.68,4055,0
89,68,4.44,4056,0
379,53,234.32,4057,0
178,33,74.99,4058,0
427,71,133.14,4059,0
403,56,182.33,4060,0
197,72,298.75,4061,0
307,51,203.53,4062,0
267,74,66.03,4063,0
268,43,40.94,4064,0
74,15,16.78,4065,0
8,38,51.14,4066,0
408,15,45.65,4067,0
476,5,82.0,4068,0
297,93,109.51,4069,0
164,83,383.16,4070,0
485,54,130.34,4071,0
85,51,103.21,4072,0
72,10,40.81,4073,0
55,12,3.51,4074,0
393,4,33.99,4075,0
47,95,146.3,4076,0
399,18,22.98,4077,0
432,80,124.54,4078,0
238,36,86.7,4079,0
104,25,18.86,4080,0
210,87,30.33,4081,0
42,76,68.58,4082,0
316,98,54.19,4083,0
468,36,150.76,4084,0
454,67,132.58,4085,0
268,9,85.47,4086,0
386,61,172.75,4087,0
263,53,82.71,4088,0
336,18,333.51,4089,0
387,43,24.49,4090,0
365,35,125.22,4091,0
259,63,46.19,4092,0
283,98,32.71,4093,0
114,78,19.89,4094,0
363,4,80.41,4095,0
40,93,24.27,4096,0
486,41,22.36,4097,0
417,45,465.98,4098,0
220,50,161.82,4099,0
129,79,137.94,4100,0
8,28,158.02,4101,0
101,42,347.13,4102,0
416,80,85.16,4103,0
380,76,24.88,4104,0
176,69,198.2,4105,0
107,98,135.76,4106,0
101,1,53.5,4107,0
260,39,64.16,4108,0
478,96,52.98,4109,0
454,90,265.84,4110,0
366,17,42.09,4111,0
246,91,331.0,4112,0
275,88,241.1,4113,0
32,35,99.57,4114,0
137,46,86.71,4115,0
12,42,46.22,4116,0
395,39,1.85,4117,0
302,90,13.65,4118,0
375,49,140.34,4119,0
16,62,63.78,4120,0
129,38,16.23,4121,0
63,23,30.65,4122,0
109,22,295.34,4123,0
375,4,45.75,4124,0
21,49,238.25,4125,0
158,59,36.33,4126,0
269,73,78.36,4127,0
162,68,2.07,4128,0
260,71,73.79,4129,0
412,87,101.32,4130,0
102,2,26.7,4131,0
223,49,86.5,4132,0
59,88,104.18,4133,0
247,95,116.12,4134,0
128,31,149.79,4135,0
283,40,37.3,4136,0
325,48,83.88,4137,0
25,51,399.43,4138,0
131,43,228.42,4139,0
353,98,305.05,4140,0
196,55,48.8,4141,0
281,88,154.61,4142,0
404,49,96.73,4143,0
418,90,8.64,4144,0
154,80,173.72,4145,0
382,57,113.04,4146,0
133,77,22.18,4147,0
227,15,8.31,4148,0
189,27,181.41,4149,0
476,68,8.22,4150,0
477,80,9.58,4151,0
265,64,55.76,4152,0
372,94,14.48,4153,0
486,30,244.96,4154,0
434,36,63.54,4155,0
134,67,84.2,4156,0
211,86,263.26,4157,0
60,86,75.56,4158,0
428,49,43.63,4159,1
377,76,159.53,4160,0
395,55,58.49,4161,0
450,85,38.34,4162,0
431,56,128.46,4163,0
364,68,161.75,4164,0
364,95,156.89,4165,0
457,44,380.2,4166,0
213,31,154.49,4167,0
216,58,146.94,4168,0
226,87,194.83,4169,0
470,53,0.02,4170,0
131,84,45.01,4171,0
76,79,133.79,4172,0
476,23,91.56,4173,0
286,28,19.55,4174,0
474,16,36.2,4175,0
496,37,41.07,4176,0
277,21,83.89,4177,0
156,79,178.14,4178,0
248,17,269.55,4179,0
218,37,138.67,4180,0
190,77,185.12,4181,0
417,19,63.51,4182,0
469,30,49.39,4183,0
163,45,49.87,4184,0
180,18,95.72,4185,0
34,78,13.27,4186,0
41,62,86.63,4187,0
307,36,109.4,4188,0
431,84,57.79,4189,0
338,52,306.12,4190,0
314,19,93.7,4191,0
75,44,24.85,4192,0
441,7,65.24,4193,0
279,44,112.52,4194,0
176,68,39.1,4195,0
384,34,8.3,4196,0
150,66,87.57,4197,0
273,69,295.4,4198,0
325,55,66.37,4199,0
108,10,236.56,4200,0
139,96,180.2,4201,0
350,42,15.95,4202,0
271,41,123.16,4203,0
347,77,57.18,4204,0
419,69,28.8,4205,0
289,10,116.14,4206,0
212,10,135.74,4207,0
381,91,19.83,4208,0
272,60,245.86,4209,0
418,51,139.09,4210,0
66,21,270.87,4211,0
483,8,38.14,4212,0
424,65,280.24,4213,1
248,92,45.97,4214,0
156,78,5.55,4215,0
47,85,143.96,4216,0
423,30,121.57,4217,0
454,85,91.11,4218,0
201,49,67.31,4219,0
148,9,3.27,4220,0
124,17,97.98,4221,0
1,69,53.93,4222,0
456,58,82.15,4223,0
247,57,56.09,4224,0
343,62,338.3,4225,0
128,95,92.66,4226,0
191,52,138.32,4227,0
67,61,275.43,4228,0
4,40,89.55,4229,0
442,38,1.21,4230,0
409,43,3.49,4231,0
303,63,121.18,4232,0
294,19,32.72,4233,0
143,50,86.6,4234,0
191,33,22.6,4235,0
21,13,31.51,4236,0
227,78,70.25,4237,0
313,97,371.19,4238,0
117,62,95.78,4239,0
437,93,275.12,4240,0
302,43,320.35,4241,0
142,49,23.33,4242,1
484,36,37.28,4243,0
460,10,146.96,4244,0
401,95,201.56,4245,0
39,6,73.24,4246,0
393,57,499.47,4247,0
355,1,1.16,4248,0
252,71,35.61,4249,0
333,58,97.59,4250,0
207,91,63.35,4251,0
210,21,12.4,4252,0
115,92,45.85,4253,0
225,80,2.58,4254,0
134,56,102.93,4255,0
251,87,223.25,4256,0
219,20,216.17,4257,0
407,54,120.25,4258,0
443,25,62.69,4259,0
91,28,71.75,4260,0
354,5,14.72,4261,0
376,21,41.71,4262,0
46,18,20.79,4263,0
38,47,172.15,4264,0
142,70,246.22,4265,0
100,57,76.99,4266,0
328,93,130.11,4267,0
190,19,12.95,4268,0
35,97,93.79,4269,0
147,65,121.33,4270,0
30,3,60.29,4271,0
334,42,27.88,4272,0
84,21,209.86,4273,0
369,99,135.83,4274,0
281,40,230.12,4275,0
424,67,170.6,4276,0
344,25,464.33,4277,0
270,55,21.34,4278,0
154,84,9.07,4279,0
102,52,41.1,4280,0
215,44,13.81,4281,0
150,98,74.05,4282,0
432,85,100.25,4283,0
83,56,86.34,4284,0
110,55,30.01,4285,0
435,87,239.5,4286,0
387,70,2.14,4287,0
426,77,42.77,4288,0
275,87,126.94,4289,0
201,73,145.64,4290,0
284,81,53.81,4291,0
468,66,1.71,4292,0
173,19,96.24,4293,0
327,83,6.52,4294,0
206,7,11.41,4295,0
63,63,105.05,4296,0
73,42,37.47,4297,0
251,42,42.78,4298,0
124,59,66.71,4299,0
375,20,384.34,4300,0
121,73,336.51,4301,0
275,17,53.83,4302,0
431,27,30.86,4303,0
398,47,36.04,4304,0
120,2,31.3,4305,0
422,63,75.98,4306,0
437,62,93.36,4307,0
317,19,67.1,4308,0
164,17,52.42,4309,0
424,69,23.74,4310,0
465,39,65.88,4311,0
286,82,41.72,4312,0
265,71,78.0,4313,0
320,81,112.45,4314,0
161,39,100.32,4315,0
376,36,62.08,4316,0
308,40,81.2,4317,0
89,45,33.53,4318,0
142,4,2.45,4319,0
203,25,98.09,4320,0
309,69,29.11,4321,0
227,30,110.55,4322,0
489,76,137.44,4323,0
443,68,247.61,4324,0
334,88,317.3,4325,0
222,29,1.06,4326,0
41,73,464.33,4327,0
196,68,114.89,4328,0
68,51,103.15,4329,0
476,24,1.53,4330,0
264,14,197.5,4331,0
2,69,15.72,4332,0
361,18,181.6,4333,0
125,42,1.57,4334,0
110,57,103.84,4335,0
86,83,57.06,4336,0
425,12,22.41,4337,0
120,82,11.38,4338,0
127,17,58.0,4339,0
255,30,13.16,4340,0
183,88,66.64,4341,0
16,75,98.14,4342,0
477,99,175.67,4343,0
62,23,113.52,4344,0
369,81,6.74,4345,0
432,1,36.73,4346,0
158,79,33.96,4347,1
268,32,246.55,4348,0
35,9,202.33,4349,0
267,15,46.23,4350,0
64,28,7.38,4351,0
494,24,224.53,4352,0
50,60,219.1,4353,0
469,35,192.93,4354,0
255,86,186.49,4355,0
149,27,65.44,4356,0
325,83,19.53,4357,0
304,76,64.91,4358,0
276,20,68.24,4359,0
357,65,67.32,4360,0
451,85,77.39,4361,0
172,49,29.79,4362,0
417,1,45.61,4363,0
201,10,56.95,4364,0
445,47,14.06,4365,0
393,59,60.76,4366,0
324,96,166.32,4367,0
35,62,176.06,4368,0
465,86,53.03,4369,0
482,18,73.15,4370,0
216,46,3.42,4371,0
480,32,112.22,4372,0
65,27,51.85,4373,0
8,92,58.96,4374,0
301,18,206.89,4375,0
343,39,61.96,4376,0
431,49,2.14,4377,0
424,93,25.81,4378,0
332,82,64.55,4379,0
438,44,55.23,4380,0
76,72,196.88,4381,0
174,54,78.12,4382,0
47,95,117.0,4383,0
15,34,63.36,4384,0
361,71,57.92,4385,0
147,36,59.11,4386,0
26,18,52.92,4387,0
308,38,77.35,4388,0
93,59,28.83,4389,0
406,9,221.69,4390,0
232,73,40.51,4391,0
21,72,15.96,4392,0
307,51,10.15,4393,0
38,35,1.35,4394,0
276,82,54.97,4395,0
157,5,20.78,4396,0
179,14,2.19,4397,0
132,92,73.4,4398,0
311,30,113.94,4399,0
455,4,8.97,4400,0
348,39,61.79,4401,0
28,84,136.11,4402,0
260,64,425.5,4403,0
406,25,110.02,4404,0
76,28,28.08,4405,0
429,76,126.07,4406,0
67,66,91.11,4407,0
342,78,23.8,4408,0
492,22,190.46,4409,0
194,31,55.76,4410,0
472,23,326.96,4411,0
162,48,128.34,4412,0
347,20,103.44,4413,0
439,38,130.33,4414,0
361,55,65.03,4415,0
257,68,70.37,4416,0
72,79,190.52,4417,0
87,88,114.23,4418,0
422,89,227.54,4419,0
262,1,221.48,4420,0
214,7,375.03,4421,0
153,57,120.47,4422,0
210,95,69.78,4423,0
401,12,18.19,4424,0
61,5,122.21,4425,0
268,50,34.47,4426,0
262,42,33.26,4427,0
218,12,27.22,4428,0
283,18,208.04,4429,0
136,66,202.47,4430,0
467,74,99.69,4431,0
380,79,64.05,4432,0
362,94,111.51,4433,0
449,17,93.45,4434,0
441,68,53.74,4435,0
93,71,47.74,4436,0
109,62,48.26,4437,0
241,41,88.95,4438,0
355,95,104.32,4439,0
424,34,60.1,4440,0
142,70,346.39,4441,0
291,45,8.76,4442,0
432,58,42.63,4443,0
237,51,54.31,4444,0
340,34,1.71,4445,0
312,44,45.41,4446,0
177,15,31.98,4447,0
141,78,70.53,4448,0
189,70,41.01,4449,0
486,50,129.53,4450,0
49,32,71.32,4451,0
302,67,13.9,4452,0
369,3,138.65,4453,0
190,86,10.45,4454,0
136,86,182.67,4455,0
43,74,267.98,4456,0
404,51,38.93,4457,0
380,67,260.56,4458,0
353,76,157.51,4459,0
90,93,255.66,4460,0
295,48,109.74,4461,0
341,17,26.87,4462,0
245,7,224.93,4463,0
433,13,20.37,4464,0
192,66,23.96,4465,0
318,4,31.62,4466,0
106,10,36.28,4467,0
363,88,72.25,4468,0
310,17,124.99,4469,0
382,52,260.65,4470,0
233,6,9.26,4471,0
265,83,308.72,4472,0
344,69,254.24,4473,0
37,96,5.55,4474,0
305,74,44.68,4475,0
41,9,167.74,4476,0
17,91,94.57,4477,0
344,77,151.0,4478,0
277,83,126.95,4479,0
307,21,68.67,4480,0
59,24,4.21,4481,0
423,4,87.77,4482,0
183,24,4.98,4483,0
41,59,92.57,4484,0
39,99,161.15,4485,0
397,3,87.95,4486,0
192,68,581.64,4487,0
267,40,60.86,4488,0
494,48,138.16,4489,0
147,54,110.03,4490,0
395,35,475.97,4491,0
333,95,124.9,4492,0
127,56,17.92,4493,0
46,89,311.27,4494,0
45,40,110.19,4495,0
1,77,6.12,4496,0
168,68,107.17,4497,0
108,46,214.66,4498,0
19,78,86.05,4499,0
332,13,43.7,4500,0
72,27,171.99,4501,0
456,6,152.56,4502,1
445,17,78.57,4503,0
109,36,16.77,4504,0
268,99,28.9,4505,0
445,81,134.13,4506,0
240,2,164.03,4507,0
417,77,32.75,4508,0
301,52,45.88,4509,0
90,66,8.08,4510,0
103,52,124.99,4511,0
476,92,0.36,4512,0
250,43,4.77,4513,0
453,90,0.44,4514,0
8,22,103.65,4515,0
153,55,54.02,4516,0
347,67,35.32,4517,0
174,99,243.84,4518,0
343,60,21.42,4519,0
158,58,49.33,4520,0
493,12,281.86,4521,0
431,88,55.71,4522,0
215,69,80.9,4523,0
177,84,8.37,4524,0
175,39,156.14,4525,0
340,13,54.95,4526,0
338,41,161.2,4527,0
146,57,29.28,4528,0
450,53,54.9,4529,0
324,12,154.43,4530,0
478,13,364.5,4531,0
161,74,6.15,4532,0
127,97,167.37,4533,0
420,57,35.77,4534,0
82,40,80.02,4535,0
485,80,34.26,4536,0
147,45,95.05,4537,0
239,35,43.67,4538,0
412,3,40.59,4539,0
424,5,3.87,4540,0
84,90,15.89,4541,0
113,11,248.99,4542,0
225,71,636.39,4543,0
332,56,151.65,4544,0
378,10,33.8,4545,0
243,34,51.49,4546,0
143,67,134.52,4547,0
41,72,345.82,4548,0
423,31,60.78,4549,0
258,75,176.92,4550,0
447,71,369.16,4551,0
285,66,206.73,4552,0
105,70,25.77,4553,0
202,41,0.81,4554,0
450,63,67.74,4555,0
307,32,75.79,4556,0
331,20,22.47,4557,0
461,57,33.5,4558,0
266,98,144.88,4559,0
398,50,63.55,4560,0
210,80,38.18,4561,0
51,25,97.45,4562,0
118,12,105.77,4563,0
201,71,146.71,4564,0
377,39,17.04,4565,0
39,17,135.29,4566,0
28,45,91.49,4567,1
259,11,5.93,4568,0
84,70,150.26,4569,0
454,23,48.3,4570,0
155,91,40.1,4571,0
117,70,59.43,4572,0
2,38,42.49,4573,0
93,2,41.29,4574,0
166,86,165.07,4575,0
387,84,13.3,4576,0
400,89,352.68,4577,0
350,79,80.95,4578,0
296,93,20.2,4579,0
258,72,14.07,4580,0
81,37,89.53,4581,0
425,49,100.24,4582,0
268,52,5.45,4583,0
419,33,27.84,4584,0
235,22,158.7,4585,0
321,5,5.09,4586,0
311,18,193.16,4587,0
301,38,107.34,4588,0
463,37,56.99,4589,0
474,94,42.53,4590,0
357,95,1.94,4591,0
213,64,174.42,4592,0
62,10,15.4,4593,0
49,79,37.04,4594,0
127,42,84.19,4595,0
223,48,28.24,4596,0
409,44,68.74,4597,0
279,82,165.73,4598,0
408,87,63.59,4599,0
294,97,297.55,4600,0
284,16,188.06,4601,0
277,54,40.5,4602,0
438,35,51.08,4603,0
107,98,55.05,4604,0
146,28,98.4,4605,0
420,2,33.8,4606,0
99,94,348.18,4607,0
429,13,93.82,4608,0
375,41,50.98,4609,0
73,80,103.57,4610,0
437,59,50.32,4611,0
486,69,170.26,4612,0
122,92,83.9,4613,0
30,53,4.29,4614,0
188,45,19.45,4615,0
364,20,200.24,4616,0
354,24,82.76,4617,0
288,61,300.26,4618,0
451,91,7.52,4619,0
195,94,34.99,4620,0
156,58,21.51,4621,0
172,27,80.71,4622,0
335,26,48.26,4623,0
41,7,17.11,4624,0
63,42,102.93,4625,0
23,47,76.85,4626,0
360,53,32.12,4627,0
75,59,65.35,4628,0
48,38,136.94,4629,0
160,69,22.98,4630,0
313,87,34.66,4631,0
118,92,42.48,4632,0
100,98,137.33,4633,0
380,53,187.68,4634,0
417,15,47.22,4635,0
408,96,35.19,4636,0
167,26,220.23,4637,0
290,48,736.18,4638,0
440,95,110.97,4639,0
156,19,460.32,4640,0
421,9,107.87,4641,0
7,64,132.22,4642,0
196,93,49.21,4643,0
421,54,56.73,4644,0
56,51,15.56,4645,0
321,39,173.02,4646,0
193,4,267.45,4647,0
47,3,97.67,4648,0
148,64,42.11,4649,0
275,29,16.73,4650,0
157,11,30.81,4651,0
202,97,29.49,4652,0
444,58,95.07,4653,0
402,75,290.11,4654,0
476,27,4.95,4655,0
419,97,0.1,4656,0
427,21,91.67,4657,0
495,39,33.42,4658,0
479,95,212.48,4659,0
475,46,39.64,4660,0
126,66,34.21,4661,0
395,91,31.4,4662,0
305,36,15.65,4663,0
369,75,87.12,4664,0
294,82,18.42,4665,0
64,65,55.27,4666,0
325,63,61.8,4667,0
392,99,2.07,4668,0
418,35,1.7,4669,0
176,31,73.44,4670,0
116,28,119.08,4671,0
440,1,284.98,4672,0
204,25,19.74,4673,0
486,43,10.9,4674,0
321,84,5.35,4675,0
31,67,57.28,4676,0
388,63,97.59,4677,0
113,51,183.6,4678,0
365,2,114.77,4679,0
434,82,23.36,4680,0
325,64,61.95,4681,0
414,74,241.18,4682,0
376,69,39.56,4683,0
344,9,69.06,4684,0
443,2,318.36,4685,0
67,34,132.69,4686,0
75,60,137.73,4687,0
45,61,29.08,4688,0
260,31,53.56,4689,0
154,10,8.59,4690,0
155,76,93.27,4691,0
430,36,10.95,4692,0
363,85,180.73,4693,0
448,49,168.5,4694,0
475,70,76.27,4695,0
234,49,15.22,4696,0
51,3,2.59,4697,0
306,74,159.31,4698,0
262,5,91.66,4699,0
315,90,124.11,4700,0
125,61,36.21,4701,0
399,85,71.23,4702,0
245,90,137.51,4703,0
30,26,62.09,4704,0
426,72,91.98,4705,0
485,5,155.94,4706,0
122,15,24.24,4707,0
125,16,6.82,4708,0
37,1,75.89,4709,0
170,16,6.41,4710,0
124,37,145.48,4711,0
357,3,127.02,4712,0
35,52,213.46,4713,0
87,47,102.04,4714,0
134,95,6.96,4715,1
196,13,29.19,4716,0
274,80,164.99,4717,0
201,55,18.29,4718,0
369,21,119.89,4719,0
285,66,151.53,4720,0
77,54,40.06,4721,0
59,27,38.9,4722,0
431,38,81.6,4723,0
126,90,197.53,4724,0
401,58,25.35,4725,0
109,62,283.46,4726,0
224,46,91.41,4727,0
496,89,484.42,4728,0
278,11,9.39,4729,0
68,72,13.53,4730,0
69,8,175.24,4731,0
165,97,200.07,4732,0
489,71,58.96,4733,0
305,64,125.2,4734,0
397,21,202.16,4735,0
162,72,4.41,4736,0
365,63,85.32,4737,0
342,85,192.06,4738,0
309,64,50.78,4739,0
379,20,36.01,4740,0
343,8,158.82,4741,0
435,58,40.92,4742,0
387,46,0.32,4743,0
42,31,320.82,4744,0
354,93,89.68,4745,0
416,9,171.21,4746,0
109,15,174.47,4747,0
51,94,6.87,4748,0
250,26,18.74,4749,1
497,10,37.27,4750,0
341,29,38.67,4751,0
430,80,107.52,4752,0
383,36,97.59,4753,0
492,84,68.24,4754,0
21,37,23.73,4755,0
300,86,48.12,4756,0
139,71,78.44,4757,0
359,23,63.11,4758,0
324,41,13.62,4759,0
499,93,104.84,4760,0
385,80,7.59,4761,0
92,28,47.51,4762,0
447,48,123.8,4763,0
280,38,2.02,4764,0
125,31,84.39,4765,0
483,14,40.72,4766,0
397,97,0.89,4767,0
111,73,21.12,4768,0
354,91,282.93,4769,0
139,88,73.64,4770,0
484,77,588.79,4771,0
435,90,74.41,4772,0
273,29,78.51,4773,0
99,51,49.73,4774,0
252,49,37.11,4775,0
338,43,28.97,4776,0
104,92,42.07,4777,0
214,92,61.59,4778,0
249,72,21.32,4779,0
152,87,25.47,4780,0
250,93,31.68,4781,0
275,5,59.65,4782,0
165,42,105.79,4783,0
487,7,193.9,4784,0
341,42,33.85,4785,0
8,36,20.3,4786,0
284,27,47.62,4787,0
5,58,224.79,4788,0
145,46,0.99,4789,0
101,66,113.28,4790,0
164,25,64.85,4791,0
374,73,17.56,4792,0
147,27,38.72,4793,0
64,1,25.48,4794,0
91,87,210.24,4795,0
117,74,65.75,4796,0
354,42,82.8,4797,0
267,52,90.06,4798,0
310,25,102.06,4799,0
173,54,68.43,4800,0
47,67,1.8,4801,0
140,6,40.76,4802,0
246,58,20.32,4803,0
149,70,113.99,4804,0
246,53,5.84,4805,0
395,66,82.97,4806,0
487,58,23.65,4807,0
476,82,297.29,4808,0
5,87,40.88,4809,0
465,2,39.34,4810,0
184,76,256.9,4811,1
20,22,54.02,4812,0
425,37,329.31,4813,0
46,20,2.45,4814,0
12,24,36.58,4815,0
70,84,109.72,4816,0
17,65,221.51,4817,0
371,65,29.63,4818,0
147,81,266.61,4819,0
154,1,90.17,4820,0
304,94,161.45,4821,0
108,3,50.62,4822,0
236,46,23.85,4823,0
308,55,242.18,4824,0
352,75,270.51,4825,0
70,88,68.83,4826,0
183,86,0.65,4827,0
250,64,11.63,4828,0
228,45,85.1,4829,0
102,26,2.41,4830,0
75,77,50.57,4831,0
417,65,36.15,4832,0
446,24,125.3,4833,0
216,74,5.72,4834,0
407,35,67.09,4835,0
399,24,86.54,4836,0
411,28,96.05,4837,0
203,80,51.95,4838,0
192,16,36.29,4839,0
249,59,114.73,4840,0
499,81,188.1,4841,0
242,54,118.29,4842,0
465,79,268.98,4843,0
179,16,126.32,4844,0
437,15,144.65,4845,0
462,98,18.38,4846,0
219,11,54.39,4847,0
82,65,66.37,4848,0
92,79,29.61,4849,0
435,90,75.19,4850,0
175,68,34.36,4851,0
239,43,116.32,4852,0
260,69,63.54,4853,0
391,99,61.4,4854,0
365,13,411.31,4855,0
163,10,49.83,4856,0
48,75,44.99,4857,0
329,82,38.36,4858,0
328,98,225.14,4859,0
116,41,68.66,4860,0
429,50,91.63,4861,0
337,87,19.94,4862,0
337,71,77.86,4863,0
369,59,32.11,4864,0
225,39,131.17,4865,0
352,3,178.69,4866,0
328,76,125.46,4867,0
147,7,131.02,4868,0
63,49,71.84,4869,0
294,26,124.52,4870,0
323,33,54.94,4871,0
443,48,105.41,4872,0
325,79,29.98,4873,0
13,2,7.23,4874,0
431,71,53.35,4875,0
494,32,61.95,4876,0
189,4,29.63,4877,0
287,20,130.09,4878,0
208,36,7.64,4879,0
114,32,25.2,4880,0
480,28,138.06,4881,0
22,77,57.47,4882,0
349,1,122.17,4883,0
214,60,83.81,4884,0
171,56,301.01,4885,0
323,35,91.08,4886,0
54,30,1.5,4887,0
394,54,43.52,4888,0
298,36,15.44,4889,0
320,55,258.54,4890,0
126,89,10.98,4891,0
277,80,49.05,4892,0
464,58,25.63,4893,0
204,83,187.55,4894,0
194,65,36.9,4895,0
169,69,481.51,4896,0
152,51,3.94,4897,0
35,22,13.73,4898,0
184,88,25.44,4899,0
286,53,166.66,4900,0
57,36,210.8,4901,0
222,68,7.41,4902,0
303,36,3.3,4903,0
163,52,136.48,4904,0
19,53,14.31,4905,0
370,82,14.27,4906,0
264,50,2.26,4907,0
282,80,5.11,4908,0
113,41,30.61,4909,0
488,18,6.72,4910,0
327,22,46.03,4911,0
30,66,178.84,4912,0
135,21,39.5,4913,0
67,44,130.13,4914,0
65,47,9.86,4915,0
292,39,107.7,4916,0
25,29,38.09,4917,0
37,54,138.53,4918,0
1,90,14.65,4919,0
399,85,228.16,4920,0
37,17,27.78,4921,0
141,80,43.56,4922,0
232,60,299.94,4923,0
136,31,86.39,4924,0
389,73,45.53,4925,0
188,95,298.78,4926,0
128,78,39.91,4927,0
201,49,9.97,4928,0
127,2,576.0,4929,0
257,48,31.18,4930,0
164,14,190.55,4931,0
35,59,18.1,4932,0
194,97,131.44,4933,0
191,99,74.33,4934,0
104,58,395.84,4935,0
23,58,80.48,4936,0
265,51,2.53,4937,0
290,84,92.6,4938,0
430,2,15.7,4939,0
462,41,160.22,4940,0
384,83,194.19,4941,0
260,82,65.8,4942,0
414,16,152.89,4943,0
479,4,15.68,4944,0
358,12,67.74,4945,0
75,29,50.08,4946,0
355,7,94.5,4947,0
72,14,4.55,4948,0
259,12,139.48,4949,0
398,99,8.24,4950,0
188,5,106.85,4951,0
461,81,1.86,4952,0
173,32,178.31,4953,0
480,74,19.2,4954,0
290,43,72.46,4955,0
45,81,30.31,4956,0
61,69,128.25,4957,0
83,45,38.77,4958,0
123,9,128.96,4959,0
358,49,33.53,4960,0
16,33,139.62,4961,0
66,18,3.11,4962,0
424,9,33.31,4963,0
145,62,69.04,4964,0
375,57,4.61,4965,0
162,29,20.58,4966,0
234,78,272.63,4967,0
380,25,376.51,4968,0
144,15,134.61,4969,0
358,6,29.06,4970,0
188,42,30.18,4971,0
322,29,103.79,4972,0
450,79,12.51,4973,0
474,93,296.25,4974,0
13,4,25.47,4975,0
184,82,791.73,4976,0
111,57,68.47,4977,0
415,49,147.59,4978,0
290,44,0.22,4979,0
295,80,219.59,4980,0
451,75,31.47,4981,0
392,14,110.24,4982,0
215,3,164.17,4983,0
462,62,17.93,4984,0
120,64,58.43,4985,0
382,45,68.09,4986,0
55,82,37.41,4987,0
27,58,65.73,4988,0
118,20,38.21,4989,0
221,58,44.75,4990,0
231,89,110.66,4991,0
53,57,100.13,4992,0
295,77,26.43,4993,0
321,68,227.77,4994,0
401,78,198.62,4995,0
233,97,71.15,4996,0
158,92,56.78,4997,0
437,52,47.3,4998,0
269,37,122.85,4999,0
